Workbook
Name Arbeitspakete: Stammdaten!$H$32:$H$100
Name Austritt: Stammdaten!$D$17
Name Eintritt: Stammdaten!$D$15
Name Grund: Abwesenheit!$L$3:$L$13
Name Jahr: Stammdaten!$D$9
Name Projektnamen: Stammdaten!$B$32:$B$150

Sheet Übersicht
C2: ="Jahresübersicht "&Jahr&" der Zeitaufzeichnung von "&Stammdaten!$B$4&" für "&Stammdaten!$B$7 -> Jahresübersicht 2025 der Zeitaufzeichnung von Aya Helli für Research Institute AG & Co KG
B4: Tag | C4: =DATE(Jahr,COLUMN(C4)/3,1) -> 45658 | F4: =DATE(Jahr,COLUMN(F4)/3,1) -> 45689 | I4: =DATE(Jahr,COLUMN(I4)/3,1) -> 45717 | L4: =DATE(Jahr,COLUMN(L4)/3,1) -> 45748 | O4: =DATE(Jahr,COLUMN(O4)/3,1) -> 45778 | R4: =DATE(Jahr,COLUMN(R4)/3,1) -> 45809 | U4: =DATE(Jahr,COLUMN(U4)/3,1) -> 45839 | X4: =DATE(Jahr,COLUMN(X4)/3,1) -> 45870 | AA4: =DATE(Jahr,COLUMN(AA4)/3,1) -> 45901 | AD4: =DATE(Jahr,COLUMN(AD4)/3,1) -> 45931 | AG4: =DATE(Jahr,COLUMN(AG4)/3,1) -> 45962 | AJ4: =DATE(Jahr,COLUMN(AJ4)/3,1) -> 45992 | AM4: Tag
B5: 1 | C5: =DATE(Jahr,MONTH(C$4),$B5) -> 45658 | D5: =IF($B5>DAY(EOMONTH(C$4,0)),"",SUMIFS(INDIRECT(TEXT(C5,"MMM")&"!$L$9:$L$999"),INDIRECT(TEXT(C5,"MMM")&"!$B$9:$B$999"),C5)+SUMIFS(Abwesenheit!$J$3:$J$199,Abwesenheit!$D$3:$D$199,C5)) -> 0 | E5: =IF($B5>DAY(EOMONTH(C$4,0)),"",IF(OR(C5<IF(YEAR(Eintritt)<Jahr,DATE(Jahr,1,1),Eintritt),C5>IF(Austritt="",DATE(Jahr,12,31),Austritt)),0,IF(OR(ISERROR(VLOOKUP(C5,Stammdaten!$I$9:$J$26,2,FALSE)),SUMIFS(Stammdaten!$J$9:$J$26,Stammdaten!$I$9:$I$26,C5)=0),VLOOKUP(TEXT(C5,"TTT"),Stammdaten!$B$20:$F$26,5,FALSE),0))) -> 0 | F5: =DATE(Jahr,MONTH(F$4),$B5) -> 45689 | G5: =IF($B5>DAY(EOMONTH(F$4,0)),"",SUMIFS(INDIRECT(TEXT(F5,"MMM")&"!$L$9:$L$999"),INDIRECT(TEXT(F5,"MMM")&"!$B$9:$B$999"),F5)+SUMIFS(Abwesenheit!$J$3:$J$199,Abwesenheit!$D$3:$D$199,F5)) -> 0 | H5: =IF($B5>DAY(EOMONTH(F$4,0)),"",IF(OR(F5<IF(YEAR(Eintritt)<Jahr,DATE(Jahr,1,1),Eintritt),F5>IF(Austritt="",DATE(Jahr,12,31),Austritt)),0,IF(OR(ISERROR(VLOOKUP(F5,Stammdaten!$I$9:$J$26,2,FALSE)),SUMIFS(Stammdaten!$J$9:$J$26,Stammdaten!$I$9:$I$26,F5)=0),VLOOKUP(TEXT(F5,"TTT"),Stammdaten!$B$20:$F$26,5,FALSE),0))) -> 0 | I5: =DATE(Jahr,MONTH(I$4),$B5) -> 45717 | J5: =IF($B5>DAY(EOMONTH(I$4,0)),"",SUMIFS(INDIRECT(TEXT(I5,"MMM")&"!$L$9:$L$999"),INDIRECT(TEXT(I5,"MMM")&"!$B$9:$B$999"),I5)+SUMIFS(Abwesenheit!$J$3:$J$199,Abwesenheit!$D$3:$D$199,I5)) -> 0 | K5: =IF($B5>DAY(EOMONTH(I$4,0)),"",IF(OR(I5<IF(YEAR(Eintritt)<Jahr,DATE(Jahr,1,1),Eintritt),I5>IF(Austritt="",DATE(Jahr,12,31),Austritt)),0,IF(OR(ISERROR(VLOOKUP(I5,Stammdaten!$I$9:$J$26,2,FALSE)),SUMIFS(Stammdaten!$J$9:$J$26,Stammdaten!$I$9:$I$26,I5)=0),VLOOKUP(TEXT(I5,"TTT"),Stammdaten!$B$20:$F$26,5,FALSE),0))) -> 0 | L5: =DATE(Jahr,MONTH(L$4),$B5) -> 45748 | M5: =IF($B5>DAY(EOMONTH(L$4,0)),"",SUMIFS(INDIRECT(TEXT(L5,"MMM")&"!$L$9:$L$999"),INDIRECT(TEXT(L5,"MMM")&"!$B$9:$B$999"),L5)+SUMIFS(Abwesenheit!$J$3:$J$199,Abwesenheit!$D$3:$D$199,L5)) -> 0 | N5: =IF($B5>DAY(EOMONTH(L$4,0)),"",IF(OR(L5<IF(YEAR(Eintritt)<Jahr,DATE(Jahr,1,1),Eintritt),L5>IF(Austritt="",DATE(Jahr,12,31),Austritt)),0,IF(OR(ISERROR(VLOOKUP(L5,Stammdaten!$I$9:$J$26,2,FALSE)),SUMIFS(Stammdaten!$J$9:$J$26,Stammdaten!$I$9:$I$26,L5)=0),VLOOKUP(TEXT(L5,"TTT"),Stammdaten!$B$20:$F$26,5,FALSE),0))) -> 0 | O5: =DATE(Jahr,MONTH(O$4),$B5) -> 45778 | P5: =IF($B5>DAY(EOMONTH(O$4,0)),"",SUMIFS(INDIRECT(TEXT(O5,"MMM")&"!$L$9:$L$999"),INDIRECT(TEXT(O5,"MMM")&"!$B$9:$B$999"),O5)+SUMIFS(Abwesenheit!$J$3:$J$199,Abwesenheit!$D$3:$D$199,O5)) -> 0 | Q5: =IF($B5>DAY(EOMONTH(O$4,0)),"",IF(OR(O5<IF(YEAR(Eintritt)<Jahr,DATE(Jahr,1,1),Eintritt),O5>IF(Austritt="",DATE(Jahr,12,31),Austritt)),0,IF(OR(ISERROR(VLOOKUP(O5,Stammdaten!$I$9:$J$26,2,FALSE)),SUMIFS(Stammdaten!$J$9:$J$26,Stammdaten!$I$9:$I$26,O5)=0),VLOOKUP(TEXT(O5,"TTT"),Stammdaten!$B$20:$F$26,5,FALSE),0))) -> 0 | R5: =DATE(Jahr,MONTH(R$4),$B5) -> 45809 | S5: =IF($B5>DAY(EOMONTH(R$4,0)),"",SUMIFS(INDIRECT(TEXT(R5,"MMM")&"!$L$9:$L$999"),INDIRECT(TEXT(R5,"MMM")&"!$B$9:$B$999"),R5)+SUMIFS(Abwesenheit!$J$3:$J$199,Abwesenheit!$D$3:$D$199,R5)) -> 0 | T5: =IF($B5>DAY(EOMONTH(R$4,0)),"",IF(OR(R5<IF(YEAR(Eintritt)<Jahr,DATE(Jahr,1,1),Eintritt),R5>IF(Austritt="",DATE(Jahr,12,31),Austritt)),0,IF(OR(ISERROR(VLOOKUP(R5,Stammdaten!$I$9:$J$26,2,FALSE)),SUMIFS(Stammdaten!$J$9:$J$26,Stammdaten!$I$9:$I$26,R5)=0),VLOOKUP(TEXT(R5,"TTT"),Stammdaten!$B$20:$F$26,5,FALSE),0))) -> 0 | U5: =DATE(Jahr,MONTH(U$4),$B5) -> 45839 | V5: =IF($B5>DAY(EOMONTH(U$4,0)),"",SUMIFS(INDIRECT(TEXT(U5,"MMM")&"!$L$9:$L$999"),INDIRECT(TEXT(U5,"MMM")&"!$B$9:$B$999"),U5)+SUMIFS(Abwesenheit!$J$3:$J$199,Abwesenheit!$D$3:$D$199,U5)) -> 0 | W5: =IF($B5>DAY(EOMONTH(U$4,0)),"",IF(OR(U5<IF(YEAR(Eintritt)<Jahr,DATE(Jahr,1,1),Eintritt),U5>IF(Austritt="",DATE(Jahr,12,31),Austritt)),0,IF(OR(ISERROR(VLOOKUP(U5,Stammdaten!$I$9:$J$26,2,FALSE)),SUMIFS(Stammdaten!$J$9:$J$26,Stammdaten!$I$9:$I$26,U5)=0),VLOOKUP(TEXT(U5,"TTT"),Stammdaten!$B$20:$F$26,5,FALSE),0))) -> 0 | X5: =DATE(Jahr,MONTH(X$4),$B5) -> 45870 | Y5: =IF($B5>DAY(EOMONTH(X$4,0)),"",SUMIFS(INDIRECT(TEXT(X5,"MMM")&"!$L$9:$L$999"),INDIRECT(TEXT(X5,"MMM")&"!$B$9:$B$999"),X5)+SUMIFS(Abwesenheit!$J$3:$J$199,Abwesenheit!$D$3:$D$199,X5)) -> 0 | Z5: =IF($B5>DAY(EOMONTH(X$4,0)),"",IF(OR(X5<IF(YEAR(Eintritt)<Jahr,DATE(Jahr,1,1),Eintritt),X5>IF(Austritt="",DATE(Jahr,12,31),Austritt)),0,IF(OR(ISERROR(VLOOKUP(X5,Stammdaten!$I$9:$J$26,2,FALSE)),SUMIFS(Stammdaten!$J$9:$J$26,Stammdaten!$I$9:$I$26,X5)=0),VLOOKUP(TEXT(X5,"TTT"),Stammdaten!$B$20:$F$26,5,FALSE),0))) -> 0.33333333 | AA5: =DATE(Jahr,MONTH(AA$4),$B5) -> 45901 | AB5: =IF($B5>DAY(EOMONTH(AA$4,0)),"",SUMIFS(INDIRECT(TEXT(AA5,"MMM")&"!$L$9:$L$999"),INDIRECT(TEXT(AA5,"MMM")&"!$B$9:$B$999"),AA5)+SUMIFS(Abwesenheit!$J$3:$J$199,Abwesenheit!$D$3:$D$199,AA5)) -> 0 | AC5: =IF($B5>DAY(EOMONTH(AA$4,0)),"",IF(OR(AA5<IF(YEAR(Eintritt)<Jahr,DATE(Jahr,1,1),Eintritt),AA5>IF(Austritt="",DATE(Jahr,12,31),Austritt)),0,IF(OR(ISERROR(VLOOKUP(AA5,Stammdaten!$I$9:$J$26,2,FALSE)),SUMIFS(Stammdaten!$J$9:$J$26,Stammdaten!$I$9:$I$26,AA5)=0),VLOOKUP(TEXT(AA5,"TTT"),Stammdaten!$B$20:$F$26,5,FALSE),0))) -> 0 | AD5: =DATE(Jahr,MONTH(AD$4),$B5) -> 45931 | AE5: =IF($B5>DAY(EOMONTH(AD$4,0)),"",SUMIFS(INDIRECT(TEXT(AD5,"MMM")&"!$L$9:$L$999"),INDIRECT(TEXT(AD5,"MMM")&"!$B$9:$B$999"),AD5)+SUMIFS(Abwesenheit!$J$3:$J$199,Abwesenheit!$D$3:$D$199,AD5)) -> 0 | AF5: =IF($B5>DAY(EOMONTH(AD$4,0)),"",IF(OR(AD5<IF(YEAR(Eintritt)<Jahr,DATE(Jahr,1,1),Eintritt),AD5>IF(Austritt="",DATE(Jahr,12,31),Austritt)),0,IF(OR(ISERROR(VLOOKUP(AD5,Stammdaten!$I$9:$J$26,2,FALSE)),SUMIFS(Stammdaten!$J$9:$J$26,Stammdaten!$I$9:$I$26,AD5)=0),VLOOKUP(TEXT(AD5,"TTT"),Stammdaten!$B$20:$F$26,5,FALSE),0))) -> 0 | AG5: =DATE(Jahr,MONTH(AG$4),$B5) -> 45962 | AH5: =IF($B5>DAY(EOMONTH(AG$4,0)),"",SUMIFS(INDIRECT(TEXT(AG5,"MMM")&"!$L$9:$L$999"),INDIRECT(TEXT(AG5,"MMM")&"!$B$9:$B$999"),AG5)+SUMIFS(Abwesenheit!$J$3:$J$199,Abwesenheit!$D$3:$D$199,AG5)) -> 0 | AI5: =IF($B5>DAY(EOMONTH(AG$4,0)),"",IF(OR(AG5<IF(YEAR(Eintritt)<Jahr,DATE(Jahr,1,1),Eintritt),AG5>IF(Austritt="",DATE(Jahr,12,31),Austritt)),0,IF(OR(ISERROR(VLOOKUP(AG5,Stammdaten!$I$9:$J$26,2,FALSE)),SUMIFS(Stammdaten!$J$9:$J$26,Stammdaten!$I$9:$I$26,AG5)=0),VLOOKUP(TEXT(AG5,"TTT"),Stammdaten!$B$20:$F$26,5,FALSE),0))) -> 0 | AJ5: =DATE(Jahr,MONTH(AJ$4),$B5) -> 45992 | AK5: =IF($B5>DAY(EOMONTH(AJ$4,0)),"",SUMIFS(INDIRECT(TEXT(AJ5,"MMM")&"!$L$9:$L$999"),INDIRECT(TEXT(AJ5,"MMM")&"!$B$9:$B$999"),AJ5)+SUMIFS(Abwesenheit!$J$3:$J$199,Abwesenheit!$D$3:$D$199,AJ5)) -> 0 | AL5: =IF($B5>DAY(EOMONTH(AJ$4,0)),"",IF(OR(AJ5<IF(YEAR(Eintritt)<Jahr,DATE(Jahr,1,1),Eintritt),AJ5>IF(Austritt="",DATE(Jahr,12,31),Austritt)),0,VLOOKUP(TEXT(AJ5,"TTT"),Stammdaten!$B$20:$F$26,5,FALSE)-IF(ISERROR(VLOOKUP(AJ5,Stammdaten!$I$9:$J$26,2,FALSE)),0,SUMIFS(Stammdaten!$J$9:$J$26,Stammdaten!$I$9:$I$26,AJ5)/24))) -> 0 | AM5: 1
B6: 2 | C6: =DATE(Jahr,MONTH(C$4),$B6) -> 45659 | D6: =IF($B6>DAY(EOMONTH(C$4,0)),"",SUMIFS(INDIRECT(TEXT(C6,"MMM")&"!$L$9:$L$999"),INDIRECT(TEXT(C6,"MMM")&"!$B$9:$B$999"),C6)+SUMIFS(Abwesenheit!$J$3:$J$199,Abwesenheit!$D$3:$D$199,C6)) -> 0 | E6: =IF($B6>DAY(EOMONTH(C$4,0)),"",IF(OR(C6<IF(YEAR(Eintritt)<Jahr,DATE(Jahr,1,1),Eintritt),C6>IF(Austritt="",DATE(Jahr,12,31),Austritt)),0,IF(OR(ISERROR(VLOOKUP(C6,Stammdaten!$I$9:$J$26,2,FALSE)),SUMIFS(Stammdaten!$J$9:$J$26,Stammdaten!$I$9:$I$26,C6)=0),VLOOKUP(TEXT(C6,"TTT"),Stammdaten!$B$20:$F$26,5,FALSE),0))) -> 0 | F6: =DATE(Jahr,MONTH(F$4),$B6) -> 45690 | G6: =IF($B6>DAY(EOMONTH(F$4,0)),"",SUMIFS(INDIRECT(TEXT(F6,"MMM")&"!$L$9:$L$999"),INDIRECT(TEXT(F6,"MMM")&"!$B$9:$B$999"),F6)+SUMIFS(Abwesenheit!$J$3:$J$199,Abwesenheit!$D$3:$D$199,F6)) -> 0 | H6: =IF($B6>DAY(EOMONTH(F$4,0)),"",IF(OR(F6<IF(YEAR(Eintritt)<Jahr,DATE(Jahr,1,1),Eintritt),F6>IF(Austritt="",DATE(Jahr,12,31),Austritt)),0,IF(OR(ISERROR(VLOOKUP(F6,Stammdaten!$I$9:$J$26,2,FALSE)),SUMIFS(Stammdaten!$J$9:$J$26,Stammdaten!$I$9:$I$26,F6)=0),VLOOKUP(TEXT(F6,"TTT"),Stammdaten!$B$20:$F$26,5,FALSE),0))) -> 0 | I6: =DATE(Jahr,MONTH(I$4),$B6) -> 45718 | J6: =IF($B6>DAY(EOMONTH(I$4,0)),"",SUMIFS(INDIRECT(TEXT(I6,"MMM")&"!$L$9:$L$999"),INDIRECT(TEXT(I6,"MMM")&"!$B$9:$B$999"),I6)+SUMIFS(Abwesenheit!$J$3:$J$199,Abwesenheit!$D$3:$D$199,I6)) -> 0 | K6: =IF($B6>DAY(EOMONTH(I$4,0)),"",IF(OR(I6<IF(YEAR(Eintritt)<Jahr,DATE(Jahr,1,1),Eintritt),I6>IF(Austritt="",DATE(Jahr,12,31),Austritt)),0,IF(OR(ISERROR(VLOOKUP(I6,Stammdaten!$I$9:$J$26,2,FALSE)),SUMIFS(Stammdaten!$J$9:$J$26,Stammdaten!$I$9:$I$26,I6)=0),VLOOKUP(TEXT(I6,"TTT"),Stammdaten!$B$20:$F$26,5,FALSE),0))) -> 0 | L6: =DATE(Jahr,MONTH(L$4),$B6) -> 45749 | M6: =IF($B6>DAY(EOMONTH(L$4,0)),"",SUMIFS(INDIRECT(TEXT(L6,"MMM")&"!$L$9:$L$999"),INDIRECT(TEXT(L6,"MMM")&"!$B$9:$B$999"),L6)+SUMIFS(Abwesenheit!$J$3:$J$199,Abwesenheit!$D$3:$D$199,L6)) -> 0 | N6: =IF($B6>DAY(EOMONTH(L$4,0)),"",IF(OR(L6<IF(YEAR(Eintritt)<Jahr,DATE(Jahr,1,1),Eintritt),L6>IF(Austritt="",DATE(Jahr,12,31),Austritt)),0,IF(OR(ISERROR(VLOOKUP(L6,Stammdaten!$I$9:$J$26,2,FALSE)),SUMIFS(Stammdaten!$J$9:$J$26,Stammdaten!$I$9:$I$26,L6)=0),VLOOKUP(TEXT(L6,"TTT"),Stammdaten!$B$20:$F$26,5,FALSE),0))) -> 0 | O6: =DATE(Jahr,MONTH(O$4),$B6) -> 45779 | P6: =IF($B6>DAY(EOMONTH(O$4,0)),"",SUMIFS(INDIRECT(TEXT(O6,"MMM")&"!$L$9:$L$999"),INDIRECT(TEXT(O6,"MMM")&"!$B$9:$B$999"),O6)+SUMIFS(Abwesenheit!$J$3:$J$199,Abwesenheit!$D$3:$D$199,O6)) -> 0 | Q6: =IF($B6>DAY(EOMONTH(O$4,0)),"",IF(OR(O6<IF(YEAR(Eintritt)<Jahr,DATE(Jahr,1,1),Eintritt),O6>IF(Austritt="",DATE(Jahr,12,31),Austritt)),0,IF(OR(ISERROR(VLOOKUP(O6,Stammdaten!$I$9:$J$26,2,FALSE)),SUMIFS(Stammdaten!$J$9:$J$26,Stammdaten!$I$9:$I$26,O6)=0),VLOOKUP(TEXT(O6,"TTT"),Stammdaten!$B$20:$F$26,5,FALSE),0))) -> 0 | R6: =DATE(Jahr,MONTH(R$4),$B6) -> 45810 | S6: =IF($B6>DAY(EOMONTH(R$4,0)),"",SUMIFS(INDIRECT(TEXT(R6,"MMM")&"!$L$9:$L$999"),INDIRECT(TEXT(R6,"MMM")&"!$B$9:$B$999"),R6)+SUMIFS(Abwesenheit!$J$3:$J$199,Abwesenheit!$D$3:$D$199,R6)) -> 0 | T6: =IF($B6>DAY(EOMONTH(R$4,0)),"",IF(OR(R6<IF(YEAR(Eintritt)<Jahr,DATE(Jahr,1,1),Eintritt),R6>IF(Austritt="",DATE(Jahr,12,31),Austritt)),0,IF(OR(ISERROR(VLOOKUP(R6,Stammdaten!$I$9:$J$26,2,FALSE)),SUMIFS(Stammdaten!$J$9:$J$26,Stammdaten!$I$9:$I$26,R6)=0),VLOOKUP(TEXT(R6,"TTT"),Stammdaten!$B$20:$F$26,5,FALSE),0))) -> 0 | U6: =DATE(Jahr,MONTH(U$4),$B6) -> 45840 | V6: =IF($B6>DAY(EOMONTH(U$4,0)),"",SUMIFS(INDIRECT(TEXT(U6,"MMM")&"!$L$9:$L$999"),INDIRECT(TEXT(U6,"MMM")&"!$B$9:$B$999"),U6)+SUMIFS(Abwesenheit!$J$3:$J$199,Abwesenheit!$D$3:$D$199,U6)) -> 0 | W6: =IF($B6>DAY(EOMONTH(U$4,0)),"",IF(OR(U6<IF(YEAR(Eintritt)<Jahr,DATE(Jahr,1,1),Eintritt),U6>IF(Austritt="",DATE(Jahr,12,31),Austritt)),0,IF(OR(ISERROR(VLOOKUP(U6,Stammdaten!$I$9:$J$26,2,FALSE)),SUMIFS(Stammdaten!$J$9:$J$26,Stammdaten!$I$9:$I$26,U6)=0),VLOOKUP(TEXT(U6,"TTT"),Stammdaten!$B$20:$F$26,5,FALSE),0))) -> 0 | X6: =DATE(Jahr,MONTH(X$4),$B6) -> 45871 | Y6: =IF($B6>DAY(EOMONTH(X$4,0)),"",SUMIFS(INDIRECT(TEXT(X6,"MMM")&"!$L$9:$L$999"),INDIRECT(TEXT(X6,"MMM")&"!$B$9:$B$999"),X6)+SUMIFS(Abwesenheit!$J$3:$J$199,Abwesenheit!$D$3:$D$199,X6)) -> 0 | Z6: =IF($B6>DAY(EOMONTH(X$4,0)),"",IF(OR(X6<IF(YEAR(Eintritt)<Jahr,DATE(Jahr,1,1),Eintritt),X6>IF(Austritt="",DATE(Jahr,12,31),Austritt)),0,IF(OR(ISERROR(VLOOKUP(X6,Stammdaten!$I$9:$J$26,2,FALSE)),SUMIFS(Stammdaten!$J$9:$J$26,Stammdaten!$I$9:$I$26,X6)=0),VLOOKUP(TEXT(X6,"TTT"),Stammdaten!$B$20:$F$26,5,FALSE),0))) -> 0 | AA6: =DATE(Jahr,MONTH(AA$4),$B6) -> 45902 | AB6: =IF($B6>DAY(EOMONTH(AA$4,0)),"",SUMIFS(INDIRECT(TEXT(AA6,"MMM")&"!$L$9:$L$999"),INDIRECT(TEXT(AA6,"MMM")&"!$B$9:$B$999"),AA6)+SUMIFS(Abwesenheit!$J$3:$J$199,Abwesenheit!$D$3:$D$199,AA6)) -> 0 | AC6: =IF($B6>DAY(EOMONTH(AA$4,0)),"",IF(OR(AA6<IF(YEAR(Eintritt)<Jahr,DATE(Jahr,1,1),Eintritt),AA6>IF(Austritt="",DATE(Jahr,12,31),Austritt)),0,IF(OR(ISERROR(VLOOKUP(AA6,Stammdaten!$I$9:$J$26,2,FALSE)),SUMIFS(Stammdaten!$J$9:$J$26,Stammdaten!$I$9:$I$26,AA6)=0),VLOOKUP(TEXT(AA6,"TTT"),Stammdaten!$B$20:$F$26,5,FALSE),0))) -> 0 | AD6: =DATE(Jahr,MONTH(AD$4),$B6) -> 45932 | AE6: =IF($B6>DAY(EOMONTH(AD$4,0)),"",SUMIFS(INDIRECT(TEXT(AD6,"MMM")&"!$L$9:$L$999"),INDIRECT(TEXT(AD6,"MMM")&"!$B$9:$B$999"),AD6)+SUMIFS(Abwesenheit!$J$3:$J$199,Abwesenheit!$D$3:$D$199,AD6)) -> 0 | AF6: =IF($B6>DAY(EOMONTH(AD$4,0)),"",IF(OR(AD6<IF(YEAR(Eintritt)<Jahr,DATE(Jahr,1,1),Eintritt),AD6>IF(Austritt="",DATE(Jahr,12,31),Austritt)),0,IF(OR(ISERROR(VLOOKUP(AD6,Stammdaten!$I$9:$J$26,2,FALSE)),SUMIFS(Stammdaten!$J$9:$J$26,Stammdaten!$I$9:$I$26,AD6)=0),VLOOKUP(TEXT(AD6,"TTT"),Stammdaten!$B$20:$F$26,5,FALSE),0))) -> 0 | AG6: =DATE(Jahr,MONTH(AG$4),$B6) -> 45963 | AH6: =IF($B6>DAY(EOMONTH(AG$4,0)),"",SUMIFS(INDIRECT(TEXT(AG6,"MMM")&"!$L$9:$L$999"),INDIRECT(TEXT(AG6,"MMM")&"!$B$9:$B$999"),AG6)+SUMIFS(Abwesenheit!$J$3:$J$199,Abwesenheit!$D$3:$D$199,AG6)) -> 0 | AI6: =IF($B6>DAY(EOMONTH(AG$4,0)),"",IF(OR(AG6<IF(YEAR(Eintritt)<Jahr,DATE(Jahr,1,1),Eintritt),AG6>IF(Austritt="",DATE(Jahr,12,31),Austritt)),0,IF(OR(ISERROR(VLOOKUP(AG6,Stammdaten!$I$9:$J$26,2,FALSE)),SUMIFS(Stammdaten!$J$9:$J$26,Stammdaten!$I$9:$I$26,AG6)=0),VLOOKUP(TEXT(AG6,"TTT"),Stammdaten!$B$20:$F$26,5,FALSE),0))) -> 0 | AJ6: =DATE(Jahr,MONTH(AJ$4),$B6) -> 45993 | AK6: =IF($B6>DAY(EOMONTH(AJ$4,0)),"",SUMIFS(INDIRECT(TEXT(AJ6,"MMM")&"!$L$9:$L$999"),INDIRECT(TEXT(AJ6,"MMM")&"!$B$9:$B$999"),AJ6)+SUMIFS(Abwesenheit!$J$3:$J$199,Abwesenheit!$D$3:$D$199,AJ6)) -> 0 | AL6: =IF($B6>DAY(EOMONTH(AJ$4,0)),"",IF(OR(AJ6<IF(YEAR(Eintritt)<Jahr,DATE(Jahr,1,1),Eintritt),AJ6>IF(Austritt="",DATE(Jahr,12,31),Austritt)),0,VLOOKUP(TEXT(AJ6,"TTT"),Stammdaten!$B$20:$F$26,5,FALSE)-IF(ISERROR(VLOOKUP(AJ6,Stammdaten!$I$9:$J$26,2,FALSE)),0,SUMIFS(Stammdaten!$J$9:$J$26,Stammdaten!$I$9:$I$26,AJ6)/24))) -> 0 | AM6: 2
B7: 3 | C7: =DATE(Jahr,MONTH(C$4),$B7) -> 45660 | D7: =IF($B7>DAY(EOMONTH(C$4,0)),"",SUMIFS(INDIRECT(TEXT(C7,"MMM")&"!$L$9:$L$999"),INDIRECT(TEXT(C7,"MMM")&"!$B$9:$B$999"),C7)+SUMIFS(Abwesenheit!$J$3:$J$199,Abwesenheit!$D$3:$D$199,C7)) -> 0 | E7: =IF($B7>DAY(EOMONTH(C$4,0)),"",IF(OR(C7<IF(YEAR(Eintritt)<Jahr,DATE(Jahr,1,1),Eintritt),C7>IF(Austritt="",DATE(Jahr,12,31),Austritt)),0,IF(OR(ISERROR(VLOOKUP(C7,Stammdaten!$I$9:$J$26,2,FALSE)),SUMIFS(Stammdaten!$J$9:$J$26,Stammdaten!$I$9:$I$26,C7)=0),VLOOKUP(TEXT(C7,"TTT"),Stammdaten!$B$20:$F$26,5,FALSE),0))) -> 0 | F7: =DATE(Jahr,MONTH(F$4),$B7) -> 45691 | G7: =IF($B7>DAY(EOMONTH(F$4,0)),"",SUMIFS(INDIRECT(TEXT(F7,"MMM")&"!$L$9:$L$999"),INDIRECT(TEXT(F7,"MMM")&"!$B$9:$B$999"),F7)+SUMIFS(Abwesenheit!$J$3:$J$199,Abwesenheit!$D$3:$D$199,F7)) -> 0 | H7: =IF($B7>DAY(EOMONTH(F$4,0)),"",IF(OR(F7<IF(YEAR(Eintritt)<Jahr,DATE(Jahr,1,1),Eintritt),F7>IF(Austritt="",DATE(Jahr,12,31),Austritt)),0,IF(OR(ISERROR(VLOOKUP(F7,Stammdaten!$I$9:$J$26,2,FALSE)),SUMIFS(Stammdaten!$J$9:$J$26,Stammdaten!$I$9:$I$26,F7)=0),VLOOKUP(TEXT(F7,"TTT"),Stammdaten!$B$20:$F$26,5,FALSE),0))) -> 0 | I7: =DATE(Jahr,MONTH(I$4),$B7) -> 45719 | J7: =IF($B7>DAY(EOMONTH(I$4,0)),"",SUMIFS(INDIRECT(TEXT(I7,"MMM")&"!$L$9:$L$999"),INDIRECT(TEXT(I7,"MMM")&"!$B$9:$B$999"),I7)+SUMIFS(Abwesenheit!$J$3:$J$199,Abwesenheit!$D$3:$D$199,I7)) -> 0 | K7: =IF($B7>DAY(EOMONTH(I$4,0)),"",IF(OR(I7<IF(YEAR(Eintritt)<Jahr,DATE(Jahr,1,1),Eintritt),I7>IF(Austritt="",DATE(Jahr,12,31),Austritt)),0,IF(OR(ISERROR(VLOOKUP(I7,Stammdaten!$I$9:$J$26,2,FALSE)),SUMIFS(Stammdaten!$J$9:$J$26,Stammdaten!$I$9:$I$26,I7)=0),VLOOKUP(TEXT(I7,"TTT"),Stammdaten!$B$20:$F$26,5,FALSE),0))) -> 0 | L7: =DATE(Jahr,MONTH(L$4),$B7) -> 45750 | M7: =IF($B7>DAY(EOMONTH(L$4,0)),"",SUMIFS(INDIRECT(TEXT(L7,"MMM")&"!$L$9:$L$999"),INDIRECT(TEXT(L7,"MMM")&"!$B$9:$B$999"),L7)+SUMIFS(Abwesenheit!$J$3:$J$199,Abwesenheit!$D$3:$D$199,L7)) -> 0 | N7: =IF($B7>DAY(EOMONTH(L$4,0)),"",IF(OR(L7<IF(YEAR(Eintritt)<Jahr,DATE(Jahr,1,1),Eintritt),L7>IF(Austritt="",DATE(Jahr,12,31),Austritt)),0,IF(OR(ISERROR(VLOOKUP(L7,Stammdaten!$I$9:$J$26,2,FALSE)),SUMIFS(Stammdaten!$J$9:$J$26,Stammdaten!$I$9:$I$26,L7)=0),VLOOKUP(TEXT(L7,"TTT"),Stammdaten!$B$20:$F$26,5,FALSE),0))) -> 0 | O7: =DATE(Jahr,MONTH(O$4),$B7) -> 45780 | P7: =IF($B7>DAY(EOMONTH(O$4,0)),"",SUMIFS(INDIRECT(TEXT(O7,"MMM")&"!$L$9:$L$999"),INDIRECT(TEXT(O7,"MMM")&"!$B$9:$B$999"),O7)+SUMIFS(Abwesenheit!$J$3:$J$199,Abwesenheit!$D$3:$D$199,O7)) -> 0 | Q7: =IF($B7>DAY(EOMONTH(O$4,0)),"",IF(OR(O7<IF(YEAR(Eintritt)<Jahr,DATE(Jahr,1,1),Eintritt),O7>IF(Austritt="",DATE(Jahr,12,31),Austritt)),0,IF(OR(ISERROR(VLOOKUP(O7,Stammdaten!$I$9:$J$26,2,FALSE)),SUMIFS(Stammdaten!$J$9:$J$26,Stammdaten!$I$9:$I$26,O7)=0),VLOOKUP(TEXT(O7,"TTT"),Stammdaten!$B$20:$F$26,5,FALSE),0))) -> 0 | R7: =DATE(Jahr,MONTH(R$4),$B7) -> 45811 | S7: =IF($B7>DAY(EOMONTH(R$4,0)),"",SUMIFS(INDIRECT(TEXT(R7,"MMM")&"!$L$9:$L$999"),INDIRECT(TEXT(R7,"MMM")&"!$B$9:$B$999"),R7)+SUMIFS(Abwesenheit!$J$3:$J$199,Abwesenheit!$D$3:$D$199,R7)) -> 0 | T7: =IF($B7>DAY(EOMONTH(R$4,0)),"",IF(OR(R7<IF(YEAR(Eintritt)<Jahr,DATE(Jahr,1,1),Eintritt),R7>IF(Austritt="",DATE(Jahr,12,31),Austritt)),0,IF(OR(ISERROR(VLOOKUP(R7,Stammdaten!$I$9:$J$26,2,FALSE)),SUMIFS(Stammdaten!$J$9:$J$26,Stammdaten!$I$9:$I$26,R7)=0),VLOOKUP(TEXT(R7,"TTT"),Stammdaten!$B$20:$F$26,5,FALSE),0))) -> 0 | U7: =DATE(Jahr,MONTH(U$4),$B7) -> 45841 | V7: =IF($B7>DAY(EOMONTH(U$4,0)),"",SUMIFS(INDIRECT(TEXT(U7,"MMM")&"!$L$9:$L$999"),INDIRECT(TEXT(U7,"MMM")&"!$B$9:$B$999"),U7)+SUMIFS(Abwesenheit!$J$3:$J$199,Abwesenheit!$D$3:$D$199,U7)) -> 0 | W7: =IF($B7>DAY(EOMONTH(U$4,0)),"",IF(OR(U7<IF(YEAR(Eintritt)<Jahr,DATE(Jahr,1,1),Eintritt),U7>IF(Austritt="",DATE(Jahr,12,31),Austritt)),0,IF(OR(ISERROR(VLOOKUP(U7,Stammdaten!$I$9:$J$26,2,FALSE)),SUMIFS(Stammdaten!$J$9:$J$26,Stammdaten!$I$9:$I$26,U7)=0),VLOOKUP(TEXT(U7,"TTT"),Stammdaten!$B$20:$F$26,5,FALSE),0))) -> 0 | X7: =DATE(Jahr,MONTH(X$4),$B7) -> 45872 | Y7: =IF($B7>DAY(EOMONTH(X$4,0)),"",SUMIFS(INDIRECT(TEXT(X7,"MMM")&"!$L$9:$L$999"),INDIRECT(TEXT(X7,"MMM")&"!$B$9:$B$999"),X7)+SUMIFS(Abwesenheit!$J$3:$J$199,Abwesenheit!$D$3:$D$199,X7)) -> 0 | Z7: =IF($B7>DAY(EOMONTH(X$4,0)),"",IF(OR(X7<IF(YEAR(Eintritt)<Jahr,DATE(Jahr,1,1),Eintritt),X7>IF(Austritt="",DATE(Jahr,12,31),Austritt)),0,IF(OR(ISERROR(VLOOKUP(X7,Stammdaten!$I$9:$J$26,2,FALSE)),SUMIFS(Stammdaten!$J$9:$J$26,Stammdaten!$I$9:$I$26,X7)=0),VLOOKUP(TEXT(X7,"TTT"),Stammdaten!$B$20:$F$26,5,FALSE),0))) -> 0 | AA7: =DATE(Jahr,MONTH(AA$4),$B7) -> 45903 | AB7: =IF($B7>DAY(EOMONTH(AA$4,0)),"",SUMIFS(INDIRECT(TEXT(AA7,"MMM")&"!$L$9:$L$999"),INDIRECT(TEXT(AA7,"MMM")&"!$B$9:$B$999"),AA7)+SUMIFS(Abwesenheit!$J$3:$J$199,Abwesenheit!$D$3:$D$199,AA7)) -> 0 | AC7: =IF($B7>DAY(EOMONTH(AA$4,0)),"",IF(OR(AA7<IF(YEAR(Eintritt)<Jahr,DATE(Jahr,1,1),Eintritt),AA7>IF(Austritt="",DATE(Jahr,12,31),Austritt)),0,IF(OR(ISERROR(VLOOKUP(AA7,Stammdaten!$I$9:$J$26,2,FALSE)),SUMIFS(Stammdaten!$J$9:$J$26,Stammdaten!$I$9:$I$26,AA7)=0),VLOOKUP(TEXT(AA7,"TTT"),Stammdaten!$B$20:$F$26,5,FALSE),0))) -> 0 | AD7: =DATE(Jahr,MONTH(AD$4),$B7) -> 45933 | AE7: =IF($B7>DAY(EOMONTH(AD$4,0)),"",SUMIFS(INDIRECT(TEXT(AD7,"MMM")&"!$L$9:$L$999"),INDIRECT(TEXT(AD7,"MMM")&"!$B$9:$B$999"),AD7)+SUMIFS(Abwesenheit!$J$3:$J$199,Abwesenheit!$D$3:$D$199,AD7)) -> 0 | AF7: =IF($B7>DAY(EOMONTH(AD$4,0)),"",IF(OR(AD7<IF(YEAR(Eintritt)<Jahr,DATE(Jahr,1,1),Eintritt),AD7>IF(Austritt="",DATE(Jahr,12,31),Austritt)),0,IF(OR(ISERROR(VLOOKUP(AD7,Stammdaten!$I$9:$J$26,2,FALSE)),SUMIFS(Stammdaten!$J$9:$J$26,Stammdaten!$I$9:$I$26,AD7)=0),VLOOKUP(TEXT(AD7,"TTT"),Stammdaten!$B$20:$F$26,5,FALSE),0))) -> 0 | AG7: =DATE(Jahr,MONTH(AG$4),$B7) -> 45964 | AH7: =IF($B7>DAY(EOMONTH(AG$4,0)),"",SUMIFS(INDIRECT(TEXT(AG7,"MMM")&"!$L$9:$L$999"),INDIRECT(TEXT(AG7,"MMM")&"!$B$9:$B$999"),AG7)+SUMIFS(Abwesenheit!$J$3:$J$199,Abwesenheit!$D$3:$D$199,AG7)) -> 0 | AI7: =IF($B7>DAY(EOMONTH(AG$4,0)),"",IF(OR(AG7<IF(YEAR(Eintritt)<Jahr,DATE(Jahr,1,1),Eintritt),AG7>IF(Austritt="",DATE(Jahr,12,31),Austritt)),0,IF(OR(ISERROR(VLOOKUP(AG7,Stammdaten!$I$9:$J$26,2,FALSE)),SUMIFS(Stammdaten!$J$9:$J$26,Stammdaten!$I$9:$I$26,AG7)=0),VLOOKUP(TEXT(AG7,"TTT"),Stammdaten!$B$20:$F$26,5,FALSE),0))) -> 0 | AJ7: =DATE(Jahr,MONTH(AJ$4),$B7) -> 45994 | AK7: =IF($B7>DAY(EOMONTH(AJ$4,0)),"",SUMIFS(INDIRECT(TEXT(AJ7,"MMM")&"!$L$9:$L$999"),INDIRECT(TEXT(AJ7,"MMM")&"!$B$9:$B$999"),AJ7)+SUMIFS(Abwesenheit!$J$3:$J$199,Abwesenheit!$D$3:$D$199,AJ7)) -> 0 | AL7: =IF($B7>DAY(EOMONTH(AJ$4,0)),"",IF(OR(AJ7<IF(YEAR(Eintritt)<Jahr,DATE(Jahr,1,1),Eintritt),AJ7>IF(Austritt="",DATE(Jahr,12,31),Austritt)),0,VLOOKUP(TEXT(AJ7,"TTT"),Stammdaten!$B$20:$F$26,5,FALSE)-IF(ISERROR(VLOOKUP(AJ7,Stammdaten!$I$9:$J$26,2,FALSE)),0,SUMIFS(Stammdaten!$J$9:$J$26,Stammdaten!$I$9:$I$26,AJ7)/24))) -> 0 | AM7: 3
B8: 4 | C8: =DATE(Jahr,MONTH(C$4),$B8) -> 45661 | D8: =IF($B8>DAY(EOMONTH(C$4,0)),"",SUMIFS(INDIRECT(TEXT(C8,"MMM")&"!$L$9:$L$999"),INDIRECT(TEXT(C8,"MMM")&"!$B$9:$B$999"),C8)+SUMIFS(Abwesenheit!$J$3:$J$199,Abwesenheit!$D$3:$D$199,C8)) -> 0 | E8: =IF($B8>DAY(EOMONTH(C$4,0)),"",IF(OR(C8<IF(YEAR(Eintritt)<Jahr,DATE(Jahr,1,1),Eintritt),C8>IF(Austritt="",DATE(Jahr,12,31),Austritt)),0,IF(OR(ISERROR(VLOOKUP(C8,Stammdaten!$I$9:$J$26,2,FALSE)),SUMIFS(Stammdaten!$J$9:$J$26,Stammdaten!$I$9:$I$26,C8)=0),VLOOKUP(TEXT(C8,"TTT"),Stammdaten!$B$20:$F$26,5,FALSE),0))) -> 0 | F8: =DATE(Jahr,MONTH(F$4),$B8) -> 45692 | G8: =IF($B8>DAY(EOMONTH(F$4,0)),"",SUMIFS(INDIRECT(TEXT(F8,"MMM")&"!$L$9:$L$999"),INDIRECT(TEXT(F8,"MMM")&"!$B$9:$B$999"),F8)+SUMIFS(Abwesenheit!$J$3:$J$199,Abwesenheit!$D$3:$D$199,F8)) -> 0 | H8: =IF($B8>DAY(EOMONTH(F$4,0)),"",IF(OR(F8<IF(YEAR(Eintritt)<Jahr,DATE(Jahr,1,1),Eintritt),F8>IF(Austritt="",DATE(Jahr,12,31),Austritt)),0,IF(OR(ISERROR(VLOOKUP(F8,Stammdaten!$I$9:$J$26,2,FALSE)),SUMIFS(Stammdaten!$J$9:$J$26,Stammdaten!$I$9:$I$26,F8)=0),VLOOKUP(TEXT(F8,"TTT"),Stammdaten!$B$20:$F$26,5,FALSE),0))) -> 0 | I8: =DATE(Jahr,MONTH(I$4),$B8) -> 45720 | J8: =IF($B8>DAY(EOMONTH(I$4,0)),"",SUMIFS(INDIRECT(TEXT(I8,"MMM")&"!$L$9:$L$999"),INDIRECT(TEXT(I8,"MMM")&"!$B$9:$B$999"),I8)+SUMIFS(Abwesenheit!$J$3:$J$199,Abwesenheit!$D$3:$D$199,I8)) -> 0 | K8: =IF($B8>DAY(EOMONTH(I$4,0)),"",IF(OR(I8<IF(YEAR(Eintritt)<Jahr,DATE(Jahr,1,1),Eintritt),I8>IF(Austritt="",DATE(Jahr,12,31),Austritt)),0,IF(OR(ISERROR(VLOOKUP(I8,Stammdaten!$I$9:$J$26,2,FALSE)),SUMIFS(Stammdaten!$J$9:$J$26,Stammdaten!$I$9:$I$26,I8)=0),VLOOKUP(TEXT(I8,"TTT"),Stammdaten!$B$20:$F$26,5,FALSE),0))) -> 0 | L8: =DATE(Jahr,MONTH(L$4),$B8) -> 45751 | M8: =IF($B8>DAY(EOMONTH(L$4,0)),"",SUMIFS(INDIRECT(TEXT(L8,"MMM")&"!$L$9:$L$999"),INDIRECT(TEXT(L8,"MMM")&"!$B$9:$B$999"),L8)+SUMIFS(Abwesenheit!$J$3:$J$199,Abwesenheit!$D$3:$D$199,L8)) -> 0 | N8: =IF($B8>DAY(EOMONTH(L$4,0)),"",IF(OR(L8<IF(YEAR(Eintritt)<Jahr,DATE(Jahr,1,1),Eintritt),L8>IF(Austritt="",DATE(Jahr,12,31),Austritt)),0,IF(OR(ISERROR(VLOOKUP(L8,Stammdaten!$I$9:$J$26,2,FALSE)),SUMIFS(Stammdaten!$J$9:$J$26,Stammdaten!$I$9:$I$26,L8)=0),VLOOKUP(TEXT(L8,"TTT"),Stammdaten!$B$20:$F$26,5,FALSE),0))) -> 0 | O8: =DATE(Jahr,MONTH(O$4),$B8) -> 45781 | P8: =IF($B8>DAY(EOMONTH(O$4,0)),"",SUMIFS(INDIRECT(TEXT(O8,"MMM")&"!$L$9:$L$999"),INDIRECT(TEXT(O8,"MMM")&"!$B$9:$B$999"),O8)+SUMIFS(Abwesenheit!$J$3:$J$199,Abwesenheit!$D$3:$D$199,O8)) -> 0 | Q8: =IF($B8>DAY(EOMONTH(O$4,0)),"",IF(OR(O8<IF(YEAR(Eintritt)<Jahr,DATE(Jahr,1,1),Eintritt),O8>IF(Austritt="",DATE(Jahr,12,31),Austritt)),0,IF(OR(ISERROR(VLOOKUP(O8,Stammdaten!$I$9:$J$26,2,FALSE)),SUMIFS(Stammdaten!$J$9:$J$26,Stammdaten!$I$9:$I$26,O8)=0),VLOOKUP(TEXT(O8,"TTT"),Stammdaten!$B$20:$F$26,5,FALSE),0))) -> 0 | R8: =DATE(Jahr,MONTH(R$4),$B8) -> 45812 | S8: =IF($B8>DAY(EOMONTH(R$4,0)),"",SUMIFS(INDIRECT(TEXT(R8,"MMM")&"!$L$9:$L$999"),INDIRECT(TEXT(R8,"MMM")&"!$B$9:$B$999"),R8)+SUMIFS(Abwesenheit!$J$3:$J$199,Abwesenheit!$D$3:$D$199,R8)) -> 0 | T8: =IF($B8>DAY(EOMONTH(R$4,0)),"",IF(OR(R8<IF(YEAR(Eintritt)<Jahr,DATE(Jahr,1,1),Eintritt),R8>IF(Austritt="",DATE(Jahr,12,31),Austritt)),0,IF(OR(ISERROR(VLOOKUP(R8,Stammdaten!$I$9:$J$26,2,FALSE)),SUMIFS(Stammdaten!$J$9:$J$26,Stammdaten!$I$9:$I$26,R8)=0),VLOOKUP(TEXT(R8,"TTT"),Stammdaten!$B$20:$F$26,5,FALSE),0))) -> 0 | U8: =DATE(Jahr,MONTH(U$4),$B8) -> 45842 | V8: =IF($B8>DAY(EOMONTH(U$4,0)),"",SUMIFS(INDIRECT(TEXT(U8,"MMM")&"!$L$9:$L$999"),INDIRECT(TEXT(U8,"MMM")&"!$B$9:$B$999"),U8)+SUMIFS(Abwesenheit!$J$3:$J$199,Abwesenheit!$D$3:$D$199,U8)) -> 0 | W8: =IF($B8>DAY(EOMONTH(U$4,0)),"",IF(OR(U8<IF(YEAR(Eintritt)<Jahr,DATE(Jahr,1,1),Eintritt),U8>IF(Austritt="",DATE(Jahr,12,31),Austritt)),0,IF(OR(ISERROR(VLOOKUP(U8,Stammdaten!$I$9:$J$26,2,FALSE)),SUMIFS(Stammdaten!$J$9:$J$26,Stammdaten!$I$9:$I$26,U8)=0),VLOOKUP(TEXT(U8,"TTT"),Stammdaten!$B$20:$F$26,5,FALSE),0))) -> 0 | X8: =DATE(Jahr,MONTH(X$4),$B8) -> 45873 | Y8: =IF($B8>DAY(EOMONTH(X$4,0)),"",SUMIFS(INDIRECT(TEXT(X8,"MMM")&"!$L$9:$L$999"),INDIRECT(TEXT(X8,"MMM")&"!$B$9:$B$999"),X8)+SUMIFS(Abwesenheit!$J$3:$J$199,Abwesenheit!$D$3:$D$199,X8)) -> 0 | Z8: =IF($B8>DAY(EOMONTH(X$4,0)),"",IF(OR(X8<IF(YEAR(Eintritt)<Jahr,DATE(Jahr,1,1),Eintritt),X8>IF(Austritt="",DATE(Jahr,12,31),Austritt)),0,IF(OR(ISERROR(VLOOKUP(X8,Stammdaten!$I$9:$J$26,2,FALSE)),SUMIFS(Stammdaten!$J$9:$J$26,Stammdaten!$I$9:$I$26,X8)=0),VLOOKUP(TEXT(X8,"TTT"),Stammdaten!$B$20:$F$26,5,FALSE),0))) -> 0 | AA8: =DATE(Jahr,MONTH(AA$4),$B8) -> 45904 | AB8: =IF($B8>DAY(EOMONTH(AA$4,0)),"",SUMIFS(INDIRECT(TEXT(AA8,"MMM")&"!$L$9:$L$999"),INDIRECT(TEXT(AA8,"MMM")&"!$B$9:$B$999"),AA8)+SUMIFS(Abwesenheit!$J$3:$J$199,Abwesenheit!$D$3:$D$199,AA8)) -> 0 | AC8: =IF($B8>DAY(EOMONTH(AA$4,0)),"",IF(OR(AA8<IF(YEAR(Eintritt)<Jahr,DATE(Jahr,1,1),Eintritt),AA8>IF(Austritt="",DATE(Jahr,12,31),Austritt)),0,IF(OR(ISERROR(VLOOKUP(AA8,Stammdaten!$I$9:$J$26,2,FALSE)),SUMIFS(Stammdaten!$J$9:$J$26,Stammdaten!$I$9:$I$26,AA8)=0),VLOOKUP(TEXT(AA8,"TTT"),Stammdaten!$B$20:$F$26,5,FALSE),0))) -> 0 | AD8: =DATE(Jahr,MONTH(AD$4),$B8) -> 45934 | AE8: =IF($B8>DAY(EOMONTH(AD$4,0)),"",SUMIFS(INDIRECT(TEXT(AD8,"MMM")&"!$L$9:$L$999"),INDIRECT(TEXT(AD8,"MMM")&"!$B$9:$B$999"),AD8)+SUMIFS(Abwesenheit!$J$3:$J$199,Abwesenheit!$D$3:$D$199,AD8)) -> 0 | AF8: =IF($B8>DAY(EOMONTH(AD$4,0)),"",IF(OR(AD8<IF(YEAR(Eintritt)<Jahr,DATE(Jahr,1,1),Eintritt),AD8>IF(Austritt="",DATE(Jahr,12,31),Austritt)),0,IF(OR(ISERROR(VLOOKUP(AD8,Stammdaten!$I$9:$J$26,2,FALSE)),SUMIFS(Stammdaten!$J$9:$J$26,Stammdaten!$I$9:$I$26,AD8)=0),VLOOKUP(TEXT(AD8,"TTT"),Stammdaten!$B$20:$F$26,5,FALSE),0))) -> 0 | AG8: =DATE(Jahr,MONTH(AG$4),$B8) -> 45965 | AH8: =IF($B8>DAY(EOMONTH(AG$4,0)),"",SUMIFS(INDIRECT(TEXT(AG8,"MMM")&"!$L$9:$L$999"),INDIRECT(TEXT(AG8,"MMM")&"!$B$9:$B$999"),AG8)+SUMIFS(Abwesenheit!$J$3:$J$199,Abwesenheit!$D$3:$D$199,AG8)) -> 0 | AI8: =IF($B8>DAY(EOMONTH(AG$4,0)),"",IF(OR(AG8<IF(YEAR(Eintritt)<Jahr,DATE(Jahr,1,1),Eintritt),AG8>IF(Austritt="",DATE(Jahr,12,31),Austritt)),0,IF(OR(ISERROR(VLOOKUP(AG8,Stammdaten!$I$9:$J$26,2,FALSE)),SUMIFS(Stammdaten!$J$9:$J$26,Stammdaten!$I$9:$I$26,AG8)=0),VLOOKUP(TEXT(AG8,"TTT"),Stammdaten!$B$20:$F$26,5,FALSE),0))) -> 0 | AJ8: =DATE(Jahr,MONTH(AJ$4),$B8) -> 45995 | AK8: =IF($B8>DAY(EOMONTH(AJ$4,0)),"",SUMIFS(INDIRECT(TEXT(AJ8,"MMM")&"!$L$9:$L$999"),INDIRECT(TEXT(AJ8,"MMM")&"!$B$9:$B$999"),AJ8)+SUMIFS(Abwesenheit!$J$3:$J$199,Abwesenheit!$D$3:$D$199,AJ8)) -> 0 | AL8: =IF($B8>DAY(EOMONTH(AJ$4,0)),"",IF(OR(AJ8<IF(YEAR(Eintritt)<Jahr,DATE(Jahr,1,1),Eintritt),AJ8>IF(Austritt="",DATE(Jahr,12,31),Austritt)),0,VLOOKUP(TEXT(AJ8,"TTT"),Stammdaten!$B$20:$F$26,5,FALSE)-IF(ISERROR(VLOOKUP(AJ8,Stammdaten!$I$9:$J$26,2,FALSE)),0,SUMIFS(Stammdaten!$J$9:$J$26,Stammdaten!$I$9:$I$26,AJ8)/24))) -> 0 | AM8: 4
B9: 5 | C9: =DATE(Jahr,MONTH(C$4),$B9) -> 45662 | D9: =IF($B9>DAY(EOMONTH(C$4,0)),"",SUMIFS(INDIRECT(TEXT(C9,"MMM")&"!$L$9:$L$999"),INDIRECT(TEXT(C9,"MMM")&"!$B$9:$B$999"),C9)+SUMIFS(Abwesenheit!$J$3:$J$199,Abwesenheit!$D$3:$D$199,C9)) -> 0 | E9: =IF($B9>DAY(EOMONTH(C$4,0)),"",IF(OR(C9<IF(YEAR(Eintritt)<Jahr,DATE(Jahr,1,1),Eintritt),C9>IF(Austritt="",DATE(Jahr,12,31),Austritt)),0,IF(OR(ISERROR(VLOOKUP(C9,Stammdaten!$I$9:$J$26,2,FALSE)),SUMIFS(Stammdaten!$J$9:$J$26,Stammdaten!$I$9:$I$26,C9)=0),VLOOKUP(TEXT(C9,"TTT"),Stammdaten!$B$20:$F$26,5,FALSE),0))) -> 0 | F9: =DATE(Jahr,MONTH(F$4),$B9) -> 45693 | G9: =IF($B9>DAY(EOMONTH(F$4,0)),"",SUMIFS(INDIRECT(TEXT(F9,"MMM")&"!$L$9:$L$999"),INDIRECT(TEXT(F9,"MMM")&"!$B$9:$B$999"),F9)+SUMIFS(Abwesenheit!$J$3:$J$199,Abwesenheit!$D$3:$D$199,F9)) -> 0 | H9: =IF($B9>DAY(EOMONTH(F$4,0)),"",IF(OR(F9<IF(YEAR(Eintritt)<Jahr,DATE(Jahr,1,1),Eintritt),F9>IF(Austritt="",DATE(Jahr,12,31),Austritt)),0,IF(OR(ISERROR(VLOOKUP(F9,Stammdaten!$I$9:$J$26,2,FALSE)),SUMIFS(Stammdaten!$J$9:$J$26,Stammdaten!$I$9:$I$26,F9)=0),VLOOKUP(TEXT(F9,"TTT"),Stammdaten!$B$20:$F$26,5,FALSE),0))) -> 0 | I9: =DATE(Jahr,MONTH(I$4),$B9) -> 45721 | J9: =IF($B9>DAY(EOMONTH(I$4,0)),"",SUMIFS(INDIRECT(TEXT(I9,"MMM")&"!$L$9:$L$999"),INDIRECT(TEXT(I9,"MMM")&"!$B$9:$B$999"),I9)+SUMIFS(Abwesenheit!$J$3:$J$199,Abwesenheit!$D$3:$D$199,I9)) -> 0 | K9: =IF($B9>DAY(EOMONTH(I$4,0)),"",IF(OR(I9<IF(YEAR(Eintritt)<Jahr,DATE(Jahr,1,1),Eintritt),I9>IF(Austritt="",DATE(Jahr,12,31),Austritt)),0,IF(OR(ISERROR(VLOOKUP(I9,Stammdaten!$I$9:$J$26,2,FALSE)),SUMIFS(Stammdaten!$J$9:$J$26,Stammdaten!$I$9:$I$26,I9)=0),VLOOKUP(TEXT(I9,"TTT"),Stammdaten!$B$20:$F$26,5,FALSE),0))) -> 0 | L9: =DATE(Jahr,MONTH(L$4),$B9) -> 45752 | M9: =IF($B9>DAY(EOMONTH(L$4,0)),"",SUMIFS(INDIRECT(TEXT(L9,"MMM")&"!$L$9:$L$999"),INDIRECT(TEXT(L9,"MMM")&"!$B$9:$B$999"),L9)+SUMIFS(Abwesenheit!$J$3:$J$199,Abwesenheit!$D$3:$D$199,L9)) -> 0 | N9: =IF($B9>DAY(EOMONTH(L$4,0)),"",IF(OR(L9<IF(YEAR(Eintritt)<Jahr,DATE(Jahr,1,1),Eintritt),L9>IF(Austritt="",DATE(Jahr,12,31),Austritt)),0,IF(OR(ISERROR(VLOOKUP(L9,Stammdaten!$I$9:$J$26,2,FALSE)),SUMIFS(Stammdaten!$J$9:$J$26,Stammdaten!$I$9:$I$26,L9)=0),VLOOKUP(TEXT(L9,"TTT"),Stammdaten!$B$20:$F$26,5,FALSE),0))) -> 0 | O9: =DATE(Jahr,MONTH(O$4),$B9) -> 45782 | P9: =IF($B9>DAY(EOMONTH(O$4,0)),"",SUMIFS(INDIRECT(TEXT(O9,"MMM")&"!$L$9:$L$999"),INDIRECT(TEXT(O9,"MMM")&"!$B$9:$B$999"),O9)+SUMIFS(Abwesenheit!$J$3:$J$199,Abwesenheit!$D$3:$D$199,O9)) -> 0 | Q9: =IF($B9>DAY(EOMONTH(O$4,0)),"",IF(OR(O9<IF(YEAR(Eintritt)<Jahr,DATE(Jahr,1,1),Eintritt),O9>IF(Austritt="",DATE(Jahr,12,31),Austritt)),0,IF(OR(ISERROR(VLOOKUP(O9,Stammdaten!$I$9:$J$26,2,FALSE)),SUMIFS(Stammdaten!$J$9:$J$26,Stammdaten!$I$9:$I$26,O9)=0),VLOOKUP(TEXT(O9,"TTT"),Stammdaten!$B$20:$F$26,5,FALSE),0))) -> 0 | R9: =DATE(Jahr,MONTH(R$4),$B9) -> 45813 | S9: =IF($B9>DAY(EOMONTH(R$4,0)),"",SUMIFS(INDIRECT(TEXT(R9,"MMM")&"!$L$9:$L$999"),INDIRECT(TEXT(R9,"MMM")&"!$B$9:$B$999"),R9)+SUMIFS(Abwesenheit!$J$3:$J$199,Abwesenheit!$D$3:$D$199,R9)) -> 0 | T9: =IF($B9>DAY(EOMONTH(R$4,0)),"",IF(OR(R9<IF(YEAR(Eintritt)<Jahr,DATE(Jahr,1,1),Eintritt),R9>IF(Austritt="",DATE(Jahr,12,31),Austritt)),0,IF(OR(ISERROR(VLOOKUP(R9,Stammdaten!$I$9:$J$26,2,FALSE)),SUMIFS(Stammdaten!$J$9:$J$26,Stammdaten!$I$9:$I$26,R9)=0),VLOOKUP(TEXT(R9,"TTT"),Stammdaten!$B$20:$F$26,5,FALSE),0))) -> 0 | U9: =DATE(Jahr,MONTH(U$4),$B9) -> 45843 | V9: =IF($B9>DAY(EOMONTH(U$4,0)),"",SUMIFS(INDIRECT(TEXT(U9,"MMM")&"!$L$9:$L$999"),INDIRECT(TEXT(U9,"MMM")&"!$B$9:$B$999"),U9)+SUMIFS(Abwesenheit!$J$3:$J$199,Abwesenheit!$D$3:$D$199,U9)) -> 0 | W9: =IF($B9>DAY(EOMONTH(U$4,0)),"",IF(OR(U9<IF(YEAR(Eintritt)<Jahr,DATE(Jahr,1,1),Eintritt),U9>IF(Austritt="",DATE(Jahr,12,31),Austritt)),0,IF(OR(ISERROR(VLOOKUP(U9,Stammdaten!$I$9:$J$26,2,FALSE)),SUMIFS(Stammdaten!$J$9:$J$26,Stammdaten!$I$9:$I$26,U9)=0),VLOOKUP(TEXT(U9,"TTT"),Stammdaten!$B$20:$F$26,5,FALSE),0))) -> 0 | X9: =DATE(Jahr,MONTH(X$4),$B9) -> 45874 | Y9: =IF($B9>DAY(EOMONTH(X$4,0)),"",SUMIFS(INDIRECT(TEXT(X9,"MMM")&"!$L$9:$L$999"),INDIRECT(TEXT(X9,"MMM")&"!$B$9:$B$999"),X9)+SUMIFS(Abwesenheit!$J$3:$J$199,Abwesenheit!$D$3:$D$199,X9)) -> 0 | Z9: =IF($B9>DAY(EOMONTH(X$4,0)),"",IF(OR(X9<IF(YEAR(Eintritt)<Jahr,DATE(Jahr,1,1),Eintritt),X9>IF(Austritt="",DATE(Jahr,12,31),Austritt)),0,IF(OR(ISERROR(VLOOKUP(X9,Stammdaten!$I$9:$J$26,2,FALSE)),SUMIFS(Stammdaten!$J$9:$J$26,Stammdaten!$I$9:$I$26,X9)=0),VLOOKUP(TEXT(X9,"TTT"),Stammdaten!$B$20:$F$26,5,FALSE),0))) -> 0 | AA9: =DATE(Jahr,MONTH(AA$4),$B9) -> 45905 | AB9: =IF($B9>DAY(EOMONTH(AA$4,0)),"",SUMIFS(INDIRECT(TEXT(AA9,"MMM")&"!$L$9:$L$999"),INDIRECT(TEXT(AA9,"MMM")&"!$B$9:$B$999"),AA9)+SUMIFS(Abwesenheit!$J$3:$J$199,Abwesenheit!$D$3:$D$199,AA9)) -> 0 | AC9: =IF($B9>DAY(EOMONTH(AA$4,0)),"",IF(OR(AA9<IF(YEAR(Eintritt)<Jahr,DATE(Jahr,1,1),Eintritt),AA9>IF(Austritt="",DATE(Jahr,12,31),Austritt)),0,IF(OR(ISERROR(VLOOKUP(AA9,Stammdaten!$I$9:$J$26,2,FALSE)),SUMIFS(Stammdaten!$J$9:$J$26,Stammdaten!$I$9:$I$26,AA9)=0),VLOOKUP(TEXT(AA9,"TTT"),Stammdaten!$B$20:$F$26,5,FALSE),0))) -> 0 | AD9: =DATE(Jahr,MONTH(AD$4),$B9) -> 45935 | AE9: =IF($B9>DAY(EOMONTH(AD$4,0)),"",SUMIFS(INDIRECT(TEXT(AD9,"MMM")&"!$L$9:$L$999"),INDIRECT(TEXT(AD9,"MMM")&"!$B$9:$B$999"),AD9)+SUMIFS(Abwesenheit!$J$3:$J$199,Abwesenheit!$D$3:$D$199,AD9)) -> 0 | AF9: =IF($B9>DAY(EOMONTH(AD$4,0)),"",IF(OR(AD9<IF(YEAR(Eintritt)<Jahr,DATE(Jahr,1,1),Eintritt),AD9>IF(Austritt="",DATE(Jahr,12,31),Austritt)),0,IF(OR(ISERROR(VLOOKUP(AD9,Stammdaten!$I$9:$J$26,2,FALSE)),SUMIFS(Stammdaten!$J$9:$J$26,Stammdaten!$I$9:$I$26,AD9)=0),VLOOKUP(TEXT(AD9,"TTT"),Stammdaten!$B$20:$F$26,5,FALSE),0))) -> 0 | AG9: =DATE(Jahr,MONTH(AG$4),$B9) -> 45966 | AH9: =IF($B9>DAY(EOMONTH(AG$4,0)),"",SUMIFS(INDIRECT(TEXT(AG9,"MMM")&"!$L$9:$L$999"),INDIRECT(TEXT(AG9,"MMM")&"!$B$9:$B$999"),AG9)+SUMIFS(Abwesenheit!$J$3:$J$199,Abwesenheit!$D$3:$D$199,AG9)) -> 0 | AI9: =IF($B9>DAY(EOMONTH(AG$4,0)),"",IF(OR(AG9<IF(YEAR(Eintritt)<Jahr,DATE(Jahr,1,1),Eintritt),AG9>IF(Austritt="",DATE(Jahr,12,31),Austritt)),0,IF(OR(ISERROR(VLOOKUP(AG9,Stammdaten!$I$9:$J$26,2,FALSE)),SUMIFS(Stammdaten!$J$9:$J$26,Stammdaten!$I$9:$I$26,AG9)=0),VLOOKUP(TEXT(AG9,"TTT"),Stammdaten!$B$20:$F$26,5,FALSE),0))) -> 0 | AJ9: =DATE(Jahr,MONTH(AJ$4),$B9) -> 45996 | AK9: =IF($B9>DAY(EOMONTH(AJ$4,0)),"",SUMIFS(INDIRECT(TEXT(AJ9,"MMM")&"!$L$9:$L$999"),INDIRECT(TEXT(AJ9,"MMM")&"!$B$9:$B$999"),AJ9)+SUMIFS(Abwesenheit!$J$3:$J$199,Abwesenheit!$D$3:$D$199,AJ9)) -> 0 | AL9: =IF($B9>DAY(EOMONTH(AJ$4,0)),"",IF(OR(AJ9<IF(YEAR(Eintritt)<Jahr,DATE(Jahr,1,1),Eintritt),AJ9>IF(Austritt="",DATE(Jahr,12,31),Austritt)),0,VLOOKUP(TEXT(AJ9,"TTT"),Stammdaten!$B$20:$F$26,5,FALSE)-IF(ISERROR(VLOOKUP(AJ9,Stammdaten!$I$9:$J$26,2,FALSE)),0,SUMIFS(Stammdaten!$J$9:$J$26,Stammdaten!$I$9:$I$26,AJ9)/24))) -> 0 | AM9: 5
B10: 6 | C10: =DATE(Jahr,MONTH(C$4),$B10) -> 45663 | D10: =IF($B10>DAY(EOMONTH(C$4,0)),"",SUMIFS(INDIRECT(TEXT(C10,"MMM")&"!$L$9:$L$999"),INDIRECT(TEXT(C10,"MMM")&"!$B$9:$B$999"),C10)+SUMIFS(Abwesenheit!$J$3:$J$199,Abwesenheit!$D$3:$D$199,C10)) -> 0 | E10: =IF($B10>DAY(EOMONTH(C$4,0)),"",IF(OR(C10<IF(YEAR(Eintritt)<Jahr,DATE(Jahr,1,1),Eintritt),C10>IF(Austritt="",DATE(Jahr,12,31),Austritt)),0,IF(OR(ISERROR(VLOOKUP(C10,Stammdaten!$I$9:$J$26,2,FALSE)),SUMIFS(Stammdaten!$J$9:$J$26,Stammdaten!$I$9:$I$26,C10)=0),VLOOKUP(TEXT(C10,"TTT"),Stammdaten!$B$20:$F$26,5,FALSE),0))) -> 0 | F10: =DATE(Jahr,MONTH(F$4),$B10) -> 45694 | G10: =IF($B10>DAY(EOMONTH(F$4,0)),"",SUMIFS(INDIRECT(TEXT(F10,"MMM")&"!$L$9:$L$999"),INDIRECT(TEXT(F10,"MMM")&"!$B$9:$B$999"),F10)+SUMIFS(Abwesenheit!$J$3:$J$199,Abwesenheit!$D$3:$D$199,F10)) -> 0 | H10: =IF($B10>DAY(EOMONTH(F$4,0)),"",IF(OR(F10<IF(YEAR(Eintritt)<Jahr,DATE(Jahr,1,1),Eintritt),F10>IF(Austritt="",DATE(Jahr,12,31),Austritt)),0,IF(OR(ISERROR(VLOOKUP(F10,Stammdaten!$I$9:$J$26,2,FALSE)),SUMIFS(Stammdaten!$J$9:$J$26,Stammdaten!$I$9:$I$26,F10)=0),VLOOKUP(TEXT(F10,"TTT"),Stammdaten!$B$20:$F$26,5,FALSE),0))) -> 0 | I10: =DATE(Jahr,MONTH(I$4),$B10) -> 45722 | J10: =IF($B10>DAY(EOMONTH(I$4,0)),"",SUMIFS(INDIRECT(TEXT(I10,"MMM")&"!$L$9:$L$999"),INDIRECT(TEXT(I10,"MMM")&"!$B$9:$B$999"),I10)+SUMIFS(Abwesenheit!$J$3:$J$199,Abwesenheit!$D$3:$D$199,I10)) -> 0 | K10: =IF($B10>DAY(EOMONTH(I$4,0)),"",IF(OR(I10<IF(YEAR(Eintritt)<Jahr,DATE(Jahr,1,1),Eintritt),I10>IF(Austritt="",DATE(Jahr,12,31),Austritt)),0,IF(OR(ISERROR(VLOOKUP(I10,Stammdaten!$I$9:$J$26,2,FALSE)),SUMIFS(Stammdaten!$J$9:$J$26,Stammdaten!$I$9:$I$26,I10)=0),VLOOKUP(TEXT(I10,"TTT"),Stammdaten!$B$20:$F$26,5,FALSE),0))) -> 0 | L10: =DATE(Jahr,MONTH(L$4),$B10) -> 45753 | M10: =IF($B10>DAY(EOMONTH(L$4,0)),"",SUMIFS(INDIRECT(TEXT(L10,"MMM")&"!$L$9:$L$999"),INDIRECT(TEXT(L10,"MMM")&"!$B$9:$B$999"),L10)+SUMIFS(Abwesenheit!$J$3:$J$199,Abwesenheit!$D$3:$D$199,L10)) -> 0 | N10: =IF($B10>DAY(EOMONTH(L$4,0)),"",IF(OR(L10<IF(YEAR(Eintritt)<Jahr,DATE(Jahr,1,1),Eintritt),L10>IF(Austritt="",DATE(Jahr,12,31),Austritt)),0,IF(OR(ISERROR(VLOOKUP(L10,Stammdaten!$I$9:$J$26,2,FALSE)),SUMIFS(Stammdaten!$J$9:$J$26,Stammdaten!$I$9:$I$26,L10)=0),VLOOKUP(TEXT(L10,"TTT"),Stammdaten!$B$20:$F$26,5,FALSE),0))) -> 0 | O10: =DATE(Jahr,MONTH(O$4),$B10) -> 45783 | P10: =IF($B10>DAY(EOMONTH(O$4,0)),"",SUMIFS(INDIRECT(TEXT(O10,"MMM")&"!$L$9:$L$999"),INDIRECT(TEXT(O10,"MMM")&"!$B$9:$B$999"),O10)+SUMIFS(Abwesenheit!$J$3:$J$199,Abwesenheit!$D$3:$D$199,O10)) -> 0 | Q10: =IF($B10>DAY(EOMONTH(O$4,0)),"",IF(OR(O10<IF(YEAR(Eintritt)<Jahr,DATE(Jahr,1,1),Eintritt),O10>IF(Austritt="",DATE(Jahr,12,31),Austritt)),0,IF(OR(ISERROR(VLOOKUP(O10,Stammdaten!$I$9:$J$26,2,FALSE)),SUMIFS(Stammdaten!$J$9:$J$26,Stammdaten!$I$9:$I$26,O10)=0),VLOOKUP(TEXT(O10,"TTT"),Stammdaten!$B$20:$F$26,5,FALSE),0))) -> 0 | R10: =DATE(Jahr,MONTH(R$4),$B10) -> 45814 | S10: =IF($B10>DAY(EOMONTH(R$4,0)),"",SUMIFS(INDIRECT(TEXT(R10,"MMM")&"!$L$9:$L$999"),INDIRECT(TEXT(R10,"MMM")&"!$B$9:$B$999"),R10)+SUMIFS(Abwesenheit!$J$3:$J$199,Abwesenheit!$D$3:$D$199,R10)) -> 0 | T10: =IF($B10>DAY(EOMONTH(R$4,0)),"",IF(OR(R10<IF(YEAR(Eintritt)<Jahr,DATE(Jahr,1,1),Eintritt),R10>IF(Austritt="",DATE(Jahr,12,31),Austritt)),0,IF(OR(ISERROR(VLOOKUP(R10,Stammdaten!$I$9:$J$26,2,FALSE)),SUMIFS(Stammdaten!$J$9:$J$26,Stammdaten!$I$9:$I$26,R10)=0),VLOOKUP(TEXT(R10,"TTT"),Stammdaten!$B$20:$F$26,5,FALSE),0))) -> 0 | U10: =DATE(Jahr,MONTH(U$4),$B10) -> 45844 | V10: =IF($B10>DAY(EOMONTH(U$4,0)),"",SUMIFS(INDIRECT(TEXT(U10,"MMM")&"!$L$9:$L$999"),INDIRECT(TEXT(U10,"MMM")&"!$B$9:$B$999"),U10)+SUMIFS(Abwesenheit!$J$3:$J$199,Abwesenheit!$D$3:$D$199,U10)) -> 0 | W10: =IF($B10>DAY(EOMONTH(U$4,0)),"",IF(OR(U10<IF(YEAR(Eintritt)<Jahr,DATE(Jahr,1,1),Eintritt),U10>IF(Austritt="",DATE(Jahr,12,31),Austritt)),0,IF(OR(ISERROR(VLOOKUP(U10,Stammdaten!$I$9:$J$26,2,FALSE)),SUMIFS(Stammdaten!$J$9:$J$26,Stammdaten!$I$9:$I$26,U10)=0),VLOOKUP(TEXT(U10,"TTT"),Stammdaten!$B$20:$F$26,5,FALSE),0))) -> 0 | X10: =DATE(Jahr,MONTH(X$4),$B10) -> 45875 | Y10: =IF($B10>DAY(EOMONTH(X$4,0)),"",SUMIFS(INDIRECT(TEXT(X10,"MMM")&"!$L$9:$L$999"),INDIRECT(TEXT(X10,"MMM")&"!$B$9:$B$999"),X10)+SUMIFS(Abwesenheit!$J$3:$J$199,Abwesenheit!$D$3:$D$199,X10)) -> 0 | Z10: =IF($B10>DAY(EOMONTH(X$4,0)),"",IF(OR(X10<IF(YEAR(Eintritt)<Jahr,DATE(Jahr,1,1),Eintritt),X10>IF(Austritt="",DATE(Jahr,12,31),Austritt)),0,IF(OR(ISERROR(VLOOKUP(X10,Stammdaten!$I$9:$J$26,2,FALSE)),SUMIFS(Stammdaten!$J$9:$J$26,Stammdaten!$I$9:$I$26,X10)=0),VLOOKUP(TEXT(X10,"TTT"),Stammdaten!$B$20:$F$26,5,FALSE),0))) -> 0 | AA10: =DATE(Jahr,MONTH(AA$4),$B10) -> 45906 | AB10: =IF($B10>DAY(EOMONTH(AA$4,0)),"",SUMIFS(INDIRECT(TEXT(AA10,"MMM")&"!$L$9:$L$999"),INDIRECT(TEXT(AA10,"MMM")&"!$B$9:$B$999"),AA10)+SUMIFS(Abwesenheit!$J$3:$J$199,Abwesenheit!$D$3:$D$199,AA10)) -> 0 | AC10: =IF($B10>DAY(EOMONTH(AA$4,0)),"",IF(OR(AA10<IF(YEAR(Eintritt)<Jahr,DATE(Jahr,1,1),Eintritt),AA10>IF(Austritt="",DATE(Jahr,12,31),Austritt)),0,IF(OR(ISERROR(VLOOKUP(AA10,Stammdaten!$I$9:$J$26,2,FALSE)),SUMIFS(Stammdaten!$J$9:$J$26,Stammdaten!$I$9:$I$26,AA10)=0),VLOOKUP(TEXT(AA10,"TTT"),Stammdaten!$B$20:$F$26,5,FALSE),0))) -> 0 | AD10: =DATE(Jahr,MONTH(AD$4),$B10) -> 45936 | AE10: =IF($B10>DAY(EOMONTH(AD$4,0)),"",SUMIFS(INDIRECT(TEXT(AD10,"MMM")&"!$L$9:$L$999"),INDIRECT(TEXT(AD10,"MMM")&"!$B$9:$B$999"),AD10)+SUMIFS(Abwesenheit!$J$3:$J$199,Abwesenheit!$D$3:$D$199,AD10)) -> 0 | AF10: =IF($B10>DAY(EOMONTH(AD$4,0)),"",IF(OR(AD10<IF(YEAR(Eintritt)<Jahr,DATE(Jahr,1,1),Eintritt),AD10>IF(Austritt="",DATE(Jahr,12,31),Austritt)),0,IF(OR(ISERROR(VLOOKUP(AD10,Stammdaten!$I$9:$J$26,2,FALSE)),SUMIFS(Stammdaten!$J$9:$J$26,Stammdaten!$I$9:$I$26,AD10)=0),VLOOKUP(TEXT(AD10,"TTT"),Stammdaten!$B$20:$F$26,5,FALSE),0))) -> 0 | AG10: =DATE(Jahr,MONTH(AG$4),$B10) -> 45967 | AH10: =IF($B10>DAY(EOMONTH(AG$4,0)),"",SUMIFS(INDIRECT(TEXT(AG10,"MMM")&"!$L$9:$L$999"),INDIRECT(TEXT(AG10,"MMM")&"!$B$9:$B$999"),AG10)+SUMIFS(Abwesenheit!$J$3:$J$199,Abwesenheit!$D$3:$D$199,AG10)) -> 0 | AI10: =IF($B10>DAY(EOMONTH(AG$4,0)),"",IF(OR(AG10<IF(YEAR(Eintritt)<Jahr,DATE(Jahr,1,1),Eintritt),AG10>IF(Austritt="",DATE(Jahr,12,31),Austritt)),0,IF(OR(ISERROR(VLOOKUP(AG10,Stammdaten!$I$9:$J$26,2,FALSE)),SUMIFS(Stammdaten!$J$9:$J$26,Stammdaten!$I$9:$I$26,AG10)=0),VLOOKUP(TEXT(AG10,"TTT"),Stammdaten!$B$20:$F$26,5,FALSE),0))) -> 0 | AJ10: =DATE(Jahr,MONTH(AJ$4),$B10) -> 45997 | AK10: =IF($B10>DAY(EOMONTH(AJ$4,0)),"",SUMIFS(INDIRECT(TEXT(AJ10,"MMM")&"!$L$9:$L$999"),INDIRECT(TEXT(AJ10,"MMM")&"!$B$9:$B$999"),AJ10)+SUMIFS(Abwesenheit!$J$3:$J$199,Abwesenheit!$D$3:$D$199,AJ10)) -> 0 | AL10: =IF($B10>DAY(EOMONTH(AJ$4,0)),"",IF(OR(AJ10<IF(YEAR(Eintritt)<Jahr,DATE(Jahr,1,1),Eintritt),AJ10>IF(Austritt="",DATE(Jahr,12,31),Austritt)),0,VLOOKUP(TEXT(AJ10,"TTT"),Stammdaten!$B$20:$F$26,5,FALSE)-IF(ISERROR(VLOOKUP(AJ10,Stammdaten!$I$9:$J$26,2,FALSE)),0,SUMIFS(Stammdaten!$J$9:$J$26,Stammdaten!$I$9:$I$26,AJ10)/24))) -> 0 | AM10: 6
B11: 7 | C11: =DATE(Jahr,MONTH(C$4),$B11) -> 45664 | D11: =IF($B11>DAY(EOMONTH(C$4,0)),"",SUMIFS(INDIRECT(TEXT(C11,"MMM")&"!$L$9:$L$999"),INDIRECT(TEXT(C11,"MMM")&"!$B$9:$B$999"),C11)+SUMIFS(Abwesenheit!$J$3:$J$199,Abwesenheit!$D$3:$D$199,C11)) -> 0 | E11: =IF($B11>DAY(EOMONTH(C$4,0)),"",IF(OR(C11<IF(YEAR(Eintritt)<Jahr,DATE(Jahr,1,1),Eintritt),C11>IF(Austritt="",DATE(Jahr,12,31),Austritt)),0,IF(OR(ISERROR(VLOOKUP(C11,Stammdaten!$I$9:$J$26,2,FALSE)),SUMIFS(Stammdaten!$J$9:$J$26,Stammdaten!$I$9:$I$26,C11)=0),VLOOKUP(TEXT(C11,"TTT"),Stammdaten!$B$20:$F$26,5,FALSE),0))) -> 0 | F11: =DATE(Jahr,MONTH(F$4),$B11) -> 45695 | G11: =IF($B11>DAY(EOMONTH(F$4,0)),"",SUMIFS(INDIRECT(TEXT(F11,"MMM")&"!$L$9:$L$999"),INDIRECT(TEXT(F11,"MMM")&"!$B$9:$B$999"),F11)+SUMIFS(Abwesenheit!$J$3:$J$199,Abwesenheit!$D$3:$D$199,F11)) -> 0 | H11: =IF($B11>DAY(EOMONTH(F$4,0)),"",IF(OR(F11<IF(YEAR(Eintritt)<Jahr,DATE(Jahr,1,1),Eintritt),F11>IF(Austritt="",DATE(Jahr,12,31),Austritt)),0,IF(OR(ISERROR(VLOOKUP(F11,Stammdaten!$I$9:$J$26,2,FALSE)),SUMIFS(Stammdaten!$J$9:$J$26,Stammdaten!$I$9:$I$26,F11)=0),VLOOKUP(TEXT(F11,"TTT"),Stammdaten!$B$20:$F$26,5,FALSE),0))) -> 0 | I11: =DATE(Jahr,MONTH(I$4),$B11) -> 45723 | J11: =IF($B11>DAY(EOMONTH(I$4,0)),"",SUMIFS(INDIRECT(TEXT(I11,"MMM")&"!$L$9:$L$999"),INDIRECT(TEXT(I11,"MMM")&"!$B$9:$B$999"),I11)+SUMIFS(Abwesenheit!$J$3:$J$199,Abwesenheit!$D$3:$D$199,I11)) -> 0 | K11: =IF($B11>DAY(EOMONTH(I$4,0)),"",IF(OR(I11<IF(YEAR(Eintritt)<Jahr,DATE(Jahr,1,1),Eintritt),I11>IF(Austritt="",DATE(Jahr,12,31),Austritt)),0,IF(OR(ISERROR(VLOOKUP(I11,Stammdaten!$I$9:$J$26,2,FALSE)),SUMIFS(Stammdaten!$J$9:$J$26,Stammdaten!$I$9:$I$26,I11)=0),VLOOKUP(TEXT(I11,"TTT"),Stammdaten!$B$20:$F$26,5,FALSE),0))) -> 0 | L11: =DATE(Jahr,MONTH(L$4),$B11) -> 45754 | M11: =IF($B11>DAY(EOMONTH(L$4,0)),"",SUMIFS(INDIRECT(TEXT(L11,"MMM")&"!$L$9:$L$999"),INDIRECT(TEXT(L11,"MMM")&"!$B$9:$B$999"),L11)+SUMIFS(Abwesenheit!$J$3:$J$199,Abwesenheit!$D$3:$D$199,L11)) -> 0 | N11: =IF($B11>DAY(EOMONTH(L$4,0)),"",IF(OR(L11<IF(YEAR(Eintritt)<Jahr,DATE(Jahr,1,1),Eintritt),L11>IF(Austritt="",DATE(Jahr,12,31),Austritt)),0,IF(OR(ISERROR(VLOOKUP(L11,Stammdaten!$I$9:$J$26,2,FALSE)),SUMIFS(Stammdaten!$J$9:$J$26,Stammdaten!$I$9:$I$26,L11)=0),VLOOKUP(TEXT(L11,"TTT"),Stammdaten!$B$20:$F$26,5,FALSE),0))) -> 0 | O11: =DATE(Jahr,MONTH(O$4),$B11) -> 45784 | P11: =IF($B11>DAY(EOMONTH(O$4,0)),"",SUMIFS(INDIRECT(TEXT(O11,"MMM")&"!$L$9:$L$999"),INDIRECT(TEXT(O11,"MMM")&"!$B$9:$B$999"),O11)+SUMIFS(Abwesenheit!$J$3:$J$199,Abwesenheit!$D$3:$D$199,O11)) -> 0 | Q11: =IF($B11>DAY(EOMONTH(O$4,0)),"",IF(OR(O11<IF(YEAR(Eintritt)<Jahr,DATE(Jahr,1,1),Eintritt),O11>IF(Austritt="",DATE(Jahr,12,31),Austritt)),0,IF(OR(ISERROR(VLOOKUP(O11,Stammdaten!$I$9:$J$26,2,FALSE)),SUMIFS(Stammdaten!$J$9:$J$26,Stammdaten!$I$9:$I$26,O11)=0),VLOOKUP(TEXT(O11,"TTT"),Stammdaten!$B$20:$F$26,5,FALSE),0))) -> 0 | R11: =DATE(Jahr,MONTH(R$4),$B11) -> 45815 | S11: =IF($B11>DAY(EOMONTH(R$4,0)),"",SUMIFS(INDIRECT(TEXT(R11,"MMM")&"!$L$9:$L$999"),INDIRECT(TEXT(R11,"MMM")&"!$B$9:$B$999"),R11)+SUMIFS(Abwesenheit!$J$3:$J$199,Abwesenheit!$D$3:$D$199,R11)) -> 0 | T11: =IF($B11>DAY(EOMONTH(R$4,0)),"",IF(OR(R11<IF(YEAR(Eintritt)<Jahr,DATE(Jahr,1,1),Eintritt),R11>IF(Austritt="",DATE(Jahr,12,31),Austritt)),0,IF(OR(ISERROR(VLOOKUP(R11,Stammdaten!$I$9:$J$26,2,FALSE)),SUMIFS(Stammdaten!$J$9:$J$26,Stammdaten!$I$9:$I$26,R11)=0),VLOOKUP(TEXT(R11,"TTT"),Stammdaten!$B$20:$F$26,5,FALSE),0))) -> 0 | U11: =DATE(Jahr,MONTH(U$4),$B11) -> 45845 | V11: =IF($B11>DAY(EOMONTH(U$4,0)),"",SUMIFS(INDIRECT(TEXT(U11,"MMM")&"!$L$9:$L$999"),INDIRECT(TEXT(U11,"MMM")&"!$B$9:$B$999"),U11)+SUMIFS(Abwesenheit!$J$3:$J$199,Abwesenheit!$D$3:$D$199,U11)) -> 0.33333333 | W11: =IF($B11>DAY(EOMONTH(U$4,0)),"",IF(OR(U11<IF(YEAR(Eintritt)<Jahr,DATE(Jahr,1,1),Eintritt),U11>IF(Austritt="",DATE(Jahr,12,31),Austritt)),0,IF(OR(ISERROR(VLOOKUP(U11,Stammdaten!$I$9:$J$26,2,FALSE)),SUMIFS(Stammdaten!$J$9:$J$26,Stammdaten!$I$9:$I$26,U11)=0),VLOOKUP(TEXT(U11,"TTT"),Stammdaten!$B$20:$F$26,5,FALSE),0))) -> 0.33333333 | X11: =DATE(Jahr,MONTH(X$4),$B11) -> 45876 | Y11: =IF($B11>DAY(EOMONTH(X$4,0)),"",SUMIFS(INDIRECT(TEXT(X11,"MMM")&"!$L$9:$L$999"),INDIRECT(TEXT(X11,"MMM")&"!$B$9:$B$999"),X11)+SUMIFS(Abwesenheit!$J$3:$J$199,Abwesenheit!$D$3:$D$199,X11)) -> 0 | Z11: =IF($B11>DAY(EOMONTH(X$4,0)),"",IF(OR(X11<IF(YEAR(Eintritt)<Jahr,DATE(Jahr,1,1),Eintritt),X11>IF(Austritt="",DATE(Jahr,12,31),Austritt)),0,IF(OR(ISERROR(VLOOKUP(X11,Stammdaten!$I$9:$J$26,2,FALSE)),SUMIFS(Stammdaten!$J$9:$J$26,Stammdaten!$I$9:$I$26,X11)=0),VLOOKUP(TEXT(X11,"TTT"),Stammdaten!$B$20:$F$26,5,FALSE),0))) -> 0 | AA11: =DATE(Jahr,MONTH(AA$4),$B11) -> 45907 | AB11: =IF($B11>DAY(EOMONTH(AA$4,0)),"",SUMIFS(INDIRECT(TEXT(AA11,"MMM")&"!$L$9:$L$999"),INDIRECT(TEXT(AA11,"MMM")&"!$B$9:$B$999"),AA11)+SUMIFS(Abwesenheit!$J$3:$J$199,Abwesenheit!$D$3:$D$199,AA11)) -> 0 | AC11: =IF($B11>DAY(EOMONTH(AA$4,0)),"",IF(OR(AA11<IF(YEAR(Eintritt)<Jahr,DATE(Jahr,1,1),Eintritt),AA11>IF(Austritt="",DATE(Jahr,12,31),Austritt)),0,IF(OR(ISERROR(VLOOKUP(AA11,Stammdaten!$I$9:$J$26,2,FALSE)),SUMIFS(Stammdaten!$J$9:$J$26,Stammdaten!$I$9:$I$26,AA11)=0),VLOOKUP(TEXT(AA11,"TTT"),Stammdaten!$B$20:$F$26,5,FALSE),0))) -> 0 | AD11: =DATE(Jahr,MONTH(AD$4),$B11) -> 45937 | AE11: =IF($B11>DAY(EOMONTH(AD$4,0)),"",SUMIFS(INDIRECT(TEXT(AD11,"MMM")&"!$L$9:$L$999"),INDIRECT(TEXT(AD11,"MMM")&"!$B$9:$B$999"),AD11)+SUMIFS(Abwesenheit!$J$3:$J$199,Abwesenheit!$D$3:$D$199,AD11)) -> 0 | AF11: =IF($B11>DAY(EOMONTH(AD$4,0)),"",IF(OR(AD11<IF(YEAR(Eintritt)<Jahr,DATE(Jahr,1,1),Eintritt),AD11>IF(Austritt="",DATE(Jahr,12,31),Austritt)),0,IF(OR(ISERROR(VLOOKUP(AD11,Stammdaten!$I$9:$J$26,2,FALSE)),SUMIFS(Stammdaten!$J$9:$J$26,Stammdaten!$I$9:$I$26,AD11)=0),VLOOKUP(TEXT(AD11,"TTT"),Stammdaten!$B$20:$F$26,5,FALSE),0))) -> 0 | AG11: =DATE(Jahr,MONTH(AG$4),$B11) -> 45968 | AH11: =IF($B11>DAY(EOMONTH(AG$4,0)),"",SUMIFS(INDIRECT(TEXT(AG11,"MMM")&"!$L$9:$L$999"),INDIRECT(TEXT(AG11,"MMM")&"!$B$9:$B$999"),AG11)+SUMIFS(Abwesenheit!$J$3:$J$199,Abwesenheit!$D$3:$D$199,AG11)) -> 0 | AI11: =IF($B11>DAY(EOMONTH(AG$4,0)),"",IF(OR(AG11<IF(YEAR(Eintritt)<Jahr,DATE(Jahr,1,1),Eintritt),AG11>IF(Austritt="",DATE(Jahr,12,31),Austritt)),0,IF(OR(ISERROR(VLOOKUP(AG11,Stammdaten!$I$9:$J$26,2,FALSE)),SUMIFS(Stammdaten!$J$9:$J$26,Stammdaten!$I$9:$I$26,AG11)=0),VLOOKUP(TEXT(AG11,"TTT"),Stammdaten!$B$20:$F$26,5,FALSE),0))) -> 0 | AJ11: =DATE(Jahr,MONTH(AJ$4),$B11) -> 45998 | AK11: =IF($B11>DAY(EOMONTH(AJ$4,0)),"",SUMIFS(INDIRECT(TEXT(AJ11,"MMM")&"!$L$9:$L$999"),INDIRECT(TEXT(AJ11,"MMM")&"!$B$9:$B$999"),AJ11)+SUMIFS(Abwesenheit!$J$3:$J$199,Abwesenheit!$D$3:$D$199,AJ11)) -> 0 | AL11: =IF($B11>DAY(EOMONTH(AJ$4,0)),"",IF(OR(AJ11<IF(YEAR(Eintritt)<Jahr,DATE(Jahr,1,1),Eintritt),AJ11>IF(Austritt="",DATE(Jahr,12,31),Austritt)),0,VLOOKUP(TEXT(AJ11,"TTT"),Stammdaten!$B$20:$F$26,5,FALSE)-IF(ISERROR(VLOOKUP(AJ11,Stammdaten!$I$9:$J$26,2,FALSE)),0,SUMIFS(Stammdaten!$J$9:$J$26,Stammdaten!$I$9:$I$26,AJ11)/24))) -> 0 | AM11: 7
B12: 8 | C12: =DATE(Jahr,MONTH(C$4),$B12) -> 45665 | D12: =IF($B12>DAY(EOMONTH(C$4,0)),"",SUMIFS(INDIRECT(TEXT(C12,"MMM")&"!$L$9:$L$999"),INDIRECT(TEXT(C12,"MMM")&"!$B$9:$B$999"),C12)+SUMIFS(Abwesenheit!$J$3:$J$199,Abwesenheit!$D$3:$D$199,C12)) -> 0 | E12: =IF($B12>DAY(EOMONTH(C$4,0)),"",IF(OR(C12<IF(YEAR(Eintritt)<Jahr,DATE(Jahr,1,1),Eintritt),C12>IF(Austritt="",DATE(Jahr,12,31),Austritt)),0,IF(OR(ISERROR(VLOOKUP(C12,Stammdaten!$I$9:$J$26,2,FALSE)),SUMIFS(Stammdaten!$J$9:$J$26,Stammdaten!$I$9:$I$26,C12)=0),VLOOKUP(TEXT(C12,"TTT"),Stammdaten!$B$20:$F$26,5,FALSE),0))) -> 0 | F12: =DATE(Jahr,MONTH(F$4),$B12) -> 45696 | G12: =IF($B12>DAY(EOMONTH(F$4,0)),"",SUMIFS(INDIRECT(TEXT(F12,"MMM")&"!$L$9:$L$999"),INDIRECT(TEXT(F12,"MMM")&"!$B$9:$B$999"),F12)+SUMIFS(Abwesenheit!$J$3:$J$199,Abwesenheit!$D$3:$D$199,F12)) -> 0 | H12: =IF($B12>DAY(EOMONTH(F$4,0)),"",IF(OR(F12<IF(YEAR(Eintritt)<Jahr,DATE(Jahr,1,1),Eintritt),F12>IF(Austritt="",DATE(Jahr,12,31),Austritt)),0,IF(OR(ISERROR(VLOOKUP(F12,Stammdaten!$I$9:$J$26,2,FALSE)),SUMIFS(Stammdaten!$J$9:$J$26,Stammdaten!$I$9:$I$26,F12)=0),VLOOKUP(TEXT(F12,"TTT"),Stammdaten!$B$20:$F$26,5,FALSE),0))) -> 0 | I12: =DATE(Jahr,MONTH(I$4),$B12) -> 45724 | J12: =IF($B12>DAY(EOMONTH(I$4,0)),"",SUMIFS(INDIRECT(TEXT(I12,"MMM")&"!$L$9:$L$999"),INDIRECT(TEXT(I12,"MMM")&"!$B$9:$B$999"),I12)+SUMIFS(Abwesenheit!$J$3:$J$199,Abwesenheit!$D$3:$D$199,I12)) -> 0 | K12: =IF($B12>DAY(EOMONTH(I$4,0)),"",IF(OR(I12<IF(YEAR(Eintritt)<Jahr,DATE(Jahr,1,1),Eintritt),I12>IF(Austritt="",DATE(Jahr,12,31),Austritt)),0,IF(OR(ISERROR(VLOOKUP(I12,Stammdaten!$I$9:$J$26,2,FALSE)),SUMIFS(Stammdaten!$J$9:$J$26,Stammdaten!$I$9:$I$26,I12)=0),VLOOKUP(TEXT(I12,"TTT"),Stammdaten!$B$20:$F$26,5,FALSE),0))) -> 0 | L12: =DATE(Jahr,MONTH(L$4),$B12) -> 45755 | M12: =IF($B12>DAY(EOMONTH(L$4,0)),"",SUMIFS(INDIRECT(TEXT(L12,"MMM")&"!$L$9:$L$999"),INDIRECT(TEXT(L12,"MMM")&"!$B$9:$B$999"),L12)+SUMIFS(Abwesenheit!$J$3:$J$199,Abwesenheit!$D$3:$D$199,L12)) -> 0 | N12: =IF($B12>DAY(EOMONTH(L$4,0)),"",IF(OR(L12<IF(YEAR(Eintritt)<Jahr,DATE(Jahr,1,1),Eintritt),L12>IF(Austritt="",DATE(Jahr,12,31),Austritt)),0,IF(OR(ISERROR(VLOOKUP(L12,Stammdaten!$I$9:$J$26,2,FALSE)),SUMIFS(Stammdaten!$J$9:$J$26,Stammdaten!$I$9:$I$26,L12)=0),VLOOKUP(TEXT(L12,"TTT"),Stammdaten!$B$20:$F$26,5,FALSE),0))) -> 0 | O12: =DATE(Jahr,MONTH(O$4),$B12) -> 45785 | P12: =IF($B12>DAY(EOMONTH(O$4,0)),"",SUMIFS(INDIRECT(TEXT(O12,"MMM")&"!$L$9:$L$999"),INDIRECT(TEXT(O12,"MMM")&"!$B$9:$B$999"),O12)+SUMIFS(Abwesenheit!$J$3:$J$199,Abwesenheit!$D$3:$D$199,O12)) -> 0 | Q12: =IF($B12>DAY(EOMONTH(O$4,0)),"",IF(OR(O12<IF(YEAR(Eintritt)<Jahr,DATE(Jahr,1,1),Eintritt),O12>IF(Austritt="",DATE(Jahr,12,31),Austritt)),0,IF(OR(ISERROR(VLOOKUP(O12,Stammdaten!$I$9:$J$26,2,FALSE)),SUMIFS(Stammdaten!$J$9:$J$26,Stammdaten!$I$9:$I$26,O12)=0),VLOOKUP(TEXT(O12,"TTT"),Stammdaten!$B$20:$F$26,5,FALSE),0))) -> 0 | R12: =DATE(Jahr,MONTH(R$4),$B12) -> 45816 | S12: =IF($B12>DAY(EOMONTH(R$4,0)),"",SUMIFS(INDIRECT(TEXT(R12,"MMM")&"!$L$9:$L$999"),INDIRECT(TEXT(R12,"MMM")&"!$B$9:$B$999"),R12)+SUMIFS(Abwesenheit!$J$3:$J$199,Abwesenheit!$D$3:$D$199,R12)) -> 0 | T12: =IF($B12>DAY(EOMONTH(R$4,0)),"",IF(OR(R12<IF(YEAR(Eintritt)<Jahr,DATE(Jahr,1,1),Eintritt),R12>IF(Austritt="",DATE(Jahr,12,31),Austritt)),0,IF(OR(ISERROR(VLOOKUP(R12,Stammdaten!$I$9:$J$26,2,FALSE)),SUMIFS(Stammdaten!$J$9:$J$26,Stammdaten!$I$9:$I$26,R12)=0),VLOOKUP(TEXT(R12,"TTT"),Stammdaten!$B$20:$F$26,5,FALSE),0))) -> 0 | U12: =DATE(Jahr,MONTH(U$4),$B12) -> 45846 | V12: =IF($B12>DAY(EOMONTH(U$4,0)),"",SUMIFS(INDIRECT(TEXT(U12,"MMM")&"!$L$9:$L$999"),INDIRECT(TEXT(U12,"MMM")&"!$B$9:$B$999"),U12)+SUMIFS(Abwesenheit!$J$3:$J$199,Abwesenheit!$D$3:$D$199,U12)) -> 0.375 | W12: =IF($B12>DAY(EOMONTH(U$4,0)),"",IF(OR(U12<IF(YEAR(Eintritt)<Jahr,DATE(Jahr,1,1),Eintritt),U12>IF(Austritt="",DATE(Jahr,12,31),Austritt)),0,IF(OR(ISERROR(VLOOKUP(U12,Stammdaten!$I$9:$J$26,2,FALSE)),SUMIFS(Stammdaten!$J$9:$J$26,Stammdaten!$I$9:$I$26,U12)=0),VLOOKUP(TEXT(U12,"TTT"),Stammdaten!$B$20:$F$26,5,FALSE),0))) -> 0.33333333 | X12: =DATE(Jahr,MONTH(X$4),$B12) -> 45877 | Y12: =IF($B12>DAY(EOMONTH(X$4,0)),"",SUMIFS(INDIRECT(TEXT(X12,"MMM")&"!$L$9:$L$999"),INDIRECT(TEXT(X12,"MMM")&"!$B$9:$B$999"),X12)+SUMIFS(Abwesenheit!$J$3:$J$199,Abwesenheit!$D$3:$D$199,X12)) -> 0 | Z12: =IF($B12>DAY(EOMONTH(X$4,0)),"",IF(OR(X12<IF(YEAR(Eintritt)<Jahr,DATE(Jahr,1,1),Eintritt),X12>IF(Austritt="",DATE(Jahr,12,31),Austritt)),0,IF(OR(ISERROR(VLOOKUP(X12,Stammdaten!$I$9:$J$26,2,FALSE)),SUMIFS(Stammdaten!$J$9:$J$26,Stammdaten!$I$9:$I$26,X12)=0),VLOOKUP(TEXT(X12,"TTT"),Stammdaten!$B$20:$F$26,5,FALSE),0))) -> 0 | AA12: =DATE(Jahr,MONTH(AA$4),$B12) -> 45908 | AB12: =IF($B12>DAY(EOMONTH(AA$4,0)),"",SUMIFS(INDIRECT(TEXT(AA12,"MMM")&"!$L$9:$L$999"),INDIRECT(TEXT(AA12,"MMM")&"!$B$9:$B$999"),AA12)+SUMIFS(Abwesenheit!$J$3:$J$199,Abwesenheit!$D$3:$D$199,AA12)) -> 0 | AC12: =IF($B12>DAY(EOMONTH(AA$4,0)),"",IF(OR(AA12<IF(YEAR(Eintritt)<Jahr,DATE(Jahr,1,1),Eintritt),AA12>IF(Austritt="",DATE(Jahr,12,31),Austritt)),0,IF(OR(ISERROR(VLOOKUP(AA12,Stammdaten!$I$9:$J$26,2,FALSE)),SUMIFS(Stammdaten!$J$9:$J$26,Stammdaten!$I$9:$I$26,AA12)=0),VLOOKUP(TEXT(AA12,"TTT"),Stammdaten!$B$20:$F$26,5,FALSE),0))) -> 0 | AD12: =DATE(Jahr,MONTH(AD$4),$B12) -> 45938 | AE12: =IF($B12>DAY(EOMONTH(AD$4,0)),"",SUMIFS(INDIRECT(TEXT(AD12,"MMM")&"!$L$9:$L$999"),INDIRECT(TEXT(AD12,"MMM")&"!$B$9:$B$999"),AD12)+SUMIFS(Abwesenheit!$J$3:$J$199,Abwesenheit!$D$3:$D$199,AD12)) -> 0 | AF12: =IF($B12>DAY(EOMONTH(AD$4,0)),"",IF(OR(AD12<IF(YEAR(Eintritt)<Jahr,DATE(Jahr,1,1),Eintritt),AD12>IF(Austritt="",DATE(Jahr,12,31),Austritt)),0,IF(OR(ISERROR(VLOOKUP(AD12,Stammdaten!$I$9:$J$26,2,FALSE)),SUMIFS(Stammdaten!$J$9:$J$26,Stammdaten!$I$9:$I$26,AD12)=0),VLOOKUP(TEXT(AD12,"TTT"),Stammdaten!$B$20:$F$26,5,FALSE),0))) -> 0 | AG12: =DATE(Jahr,MONTH(AG$4),$B12) -> 45969 | AH12: =IF($B12>DAY(EOMONTH(AG$4,0)),"",SUMIFS(INDIRECT(TEXT(AG12,"MMM")&"!$L$9:$L$999"),INDIRECT(TEXT(AG12,"MMM")&"!$B$9:$B$999"),AG12)+SUMIFS(Abwesenheit!$J$3:$J$199,Abwesenheit!$D$3:$D$199,AG12)) -> 0 | AI12: =IF($B12>DAY(EOMONTH(AG$4,0)),"",IF(OR(AG12<IF(YEAR(Eintritt)<Jahr,DATE(Jahr,1,1),Eintritt),AG12>IF(Austritt="",DATE(Jahr,12,31),Austritt)),0,IF(OR(ISERROR(VLOOKUP(AG12,Stammdaten!$I$9:$J$26,2,FALSE)),SUMIFS(Stammdaten!$J$9:$J$26,Stammdaten!$I$9:$I$26,AG12)=0),VLOOKUP(TEXT(AG12,"TTT"),Stammdaten!$B$20:$F$26,5,FALSE),0))) -> 0 | AJ12: =DATE(Jahr,MONTH(AJ$4),$B12) -> 45999 | AK12: =IF($B12>DAY(EOMONTH(AJ$4,0)),"",SUMIFS(INDIRECT(TEXT(AJ12,"MMM")&"!$L$9:$L$999"),INDIRECT(TEXT(AJ12,"MMM")&"!$B$9:$B$999"),AJ12)+SUMIFS(Abwesenheit!$J$3:$J$199,Abwesenheit!$D$3:$D$199,AJ12)) -> 0 | AL12: =IF($B12>DAY(EOMONTH(AJ$4,0)),"",IF(OR(AJ12<IF(YEAR(Eintritt)<Jahr,DATE(Jahr,1,1),Eintritt),AJ12>IF(Austritt="",DATE(Jahr,12,31),Austritt)),0,VLOOKUP(TEXT(AJ12,"TTT"),Stammdaten!$B$20:$F$26,5,FALSE)-IF(ISERROR(VLOOKUP(AJ12,Stammdaten!$I$9:$J$26,2,FALSE)),0,SUMIFS(Stammdaten!$J$9:$J$26,Stammdaten!$I$9:$I$26,AJ12)/24))) -> 0 | AM12: 8
B13: 9 | C13: =DATE(Jahr,MONTH(C$4),$B13) -> 45666 | D13: =IF($B13>DAY(EOMONTH(C$4,0)),"",SUMIFS(INDIRECT(TEXT(C13,"MMM")&"!$L$9:$L$999"),INDIRECT(TEXT(C13,"MMM")&"!$B$9:$B$999"),C13)+SUMIFS(Abwesenheit!$J$3:$J$199,Abwesenheit!$D$3:$D$199,C13)) -> 0 | E13: =IF($B13>DAY(EOMONTH(C$4,0)),"",IF(OR(C13<IF(YEAR(Eintritt)<Jahr,DATE(Jahr,1,1),Eintritt),C13>IF(Austritt="",DATE(Jahr,12,31),Austritt)),0,IF(OR(ISERROR(VLOOKUP(C13,Stammdaten!$I$9:$J$26,2,FALSE)),SUMIFS(Stammdaten!$J$9:$J$26,Stammdaten!$I$9:$I$26,C13)=0),VLOOKUP(TEXT(C13,"TTT"),Stammdaten!$B$20:$F$26,5,FALSE),0))) -> 0 | F13: =DATE(Jahr,MONTH(F$4),$B13) -> 45697 | G13: =IF($B13>DAY(EOMONTH(F$4,0)),"",SUMIFS(INDIRECT(TEXT(F13,"MMM")&"!$L$9:$L$999"),INDIRECT(TEXT(F13,"MMM")&"!$B$9:$B$999"),F13)+SUMIFS(Abwesenheit!$J$3:$J$199,Abwesenheit!$D$3:$D$199,F13)) -> 0 | H13: =IF($B13>DAY(EOMONTH(F$4,0)),"",IF(OR(F13<IF(YEAR(Eintritt)<Jahr,DATE(Jahr,1,1),Eintritt),F13>IF(Austritt="",DATE(Jahr,12,31),Austritt)),0,IF(OR(ISERROR(VLOOKUP(F13,Stammdaten!$I$9:$J$26,2,FALSE)),SUMIFS(Stammdaten!$J$9:$J$26,Stammdaten!$I$9:$I$26,F13)=0),VLOOKUP(TEXT(F13,"TTT"),Stammdaten!$B$20:$F$26,5,FALSE),0))) -> 0 | I13: =DATE(Jahr,MONTH(I$4),$B13) -> 45725 | J13: =IF($B13>DAY(EOMONTH(I$4,0)),"",SUMIFS(INDIRECT(TEXT(I13,"MMM")&"!$L$9:$L$999"),INDIRECT(TEXT(I13,"MMM")&"!$B$9:$B$999"),I13)+SUMIFS(Abwesenheit!$J$3:$J$199,Abwesenheit!$D$3:$D$199,I13)) -> 0 | K13: =IF($B13>DAY(EOMONTH(I$4,0)),"",IF(OR(I13<IF(YEAR(Eintritt)<Jahr,DATE(Jahr,1,1),Eintritt),I13>IF(Austritt="",DATE(Jahr,12,31),Austritt)),0,IF(OR(ISERROR(VLOOKUP(I13,Stammdaten!$I$9:$J$26,2,FALSE)),SUMIFS(Stammdaten!$J$9:$J$26,Stammdaten!$I$9:$I$26,I13)=0),VLOOKUP(TEXT(I13,"TTT"),Stammdaten!$B$20:$F$26,5,FALSE),0))) -> 0 | L13: =DATE(Jahr,MONTH(L$4),$B13) -> 45756 | M13: =IF($B13>DAY(EOMONTH(L$4,0)),"",SUMIFS(INDIRECT(TEXT(L13,"MMM")&"!$L$9:$L$999"),INDIRECT(TEXT(L13,"MMM")&"!$B$9:$B$999"),L13)+SUMIFS(Abwesenheit!$J$3:$J$199,Abwesenheit!$D$3:$D$199,L13)) -> 0 | N13: =IF($B13>DAY(EOMONTH(L$4,0)),"",IF(OR(L13<IF(YEAR(Eintritt)<Jahr,DATE(Jahr,1,1),Eintritt),L13>IF(Austritt="",DATE(Jahr,12,31),Austritt)),0,IF(OR(ISERROR(VLOOKUP(L13,Stammdaten!$I$9:$J$26,2,FALSE)),SUMIFS(Stammdaten!$J$9:$J$26,Stammdaten!$I$9:$I$26,L13)=0),VLOOKUP(TEXT(L13,"TTT"),Stammdaten!$B$20:$F$26,5,FALSE),0))) -> 0 | O13: =DATE(Jahr,MONTH(O$4),$B13) -> 45786 | P13: =IF($B13>DAY(EOMONTH(O$4,0)),"",SUMIFS(INDIRECT(TEXT(O13,"MMM")&"!$L$9:$L$999"),INDIRECT(TEXT(O13,"MMM")&"!$B$9:$B$999"),O13)+SUMIFS(Abwesenheit!$J$3:$J$199,Abwesenheit!$D$3:$D$199,O13)) -> 0 | Q13: =IF($B13>DAY(EOMONTH(O$4,0)),"",IF(OR(O13<IF(YEAR(Eintritt)<Jahr,DATE(Jahr,1,1),Eintritt),O13>IF(Austritt="",DATE(Jahr,12,31),Austritt)),0,IF(OR(ISERROR(VLOOKUP(O13,Stammdaten!$I$9:$J$26,2,FALSE)),SUMIFS(Stammdaten!$J$9:$J$26,Stammdaten!$I$9:$I$26,O13)=0),VLOOKUP(TEXT(O13,"TTT"),Stammdaten!$B$20:$F$26,5,FALSE),0))) -> 0 | R13: =DATE(Jahr,MONTH(R$4),$B13) -> 45817 | S13: =IF($B13>DAY(EOMONTH(R$4,0)),"",SUMIFS(INDIRECT(TEXT(R13,"MMM")&"!$L$9:$L$999"),INDIRECT(TEXT(R13,"MMM")&"!$B$9:$B$999"),R13)+SUMIFS(Abwesenheit!$J$3:$J$199,Abwesenheit!$D$3:$D$199,R13)) -> 0 | T13: =IF($B13>DAY(EOMONTH(R$4,0)),"",IF(OR(R13<IF(YEAR(Eintritt)<Jahr,DATE(Jahr,1,1),Eintritt),R13>IF(Austritt="",DATE(Jahr,12,31),Austritt)),0,IF(OR(ISERROR(VLOOKUP(R13,Stammdaten!$I$9:$J$26,2,FALSE)),SUMIFS(Stammdaten!$J$9:$J$26,Stammdaten!$I$9:$I$26,R13)=0),VLOOKUP(TEXT(R13,"TTT"),Stammdaten!$B$20:$F$26,5,FALSE),0))) -> 0 | U13: =DATE(Jahr,MONTH(U$4),$B13) -> 45847 | V13: =IF($B13>DAY(EOMONTH(U$4,0)),"",SUMIFS(INDIRECT(TEXT(U13,"MMM")&"!$L$9:$L$999"),INDIRECT(TEXT(U13,"MMM")&"!$B$9:$B$999"),U13)+SUMIFS(Abwesenheit!$J$3:$J$199,Abwesenheit!$D$3:$D$199,U13)) -> 0 | W13: =IF($B13>DAY(EOMONTH(U$4,0)),"",IF(OR(U13<IF(YEAR(Eintritt)<Jahr,DATE(Jahr,1,1),Eintritt),U13>IF(Austritt="",DATE(Jahr,12,31),Austritt)),0,IF(OR(ISERROR(VLOOKUP(U13,Stammdaten!$I$9:$J$26,2,FALSE)),SUMIFS(Stammdaten!$J$9:$J$26,Stammdaten!$I$9:$I$26,U13)=0),VLOOKUP(TEXT(U13,"TTT"),Stammdaten!$B$20:$F$26,5,FALSE),0))) -> 0.33333333 | X13: =DATE(Jahr,MONTH(X$4),$B13) -> 45878 | Y13: =IF($B13>DAY(EOMONTH(X$4,0)),"",SUMIFS(INDIRECT(TEXT(X13,"MMM")&"!$L$9:$L$999"),INDIRECT(TEXT(X13,"MMM")&"!$B$9:$B$999"),X13)+SUMIFS(Abwesenheit!$J$3:$J$199,Abwesenheit!$D$3:$D$199,X13)) -> 0 | Z13: =IF($B13>DAY(EOMONTH(X$4,0)),"",IF(OR(X13<IF(YEAR(Eintritt)<Jahr,DATE(Jahr,1,1),Eintritt),X13>IF(Austritt="",DATE(Jahr,12,31),Austritt)),0,IF(OR(ISERROR(VLOOKUP(X13,Stammdaten!$I$9:$J$26,2,FALSE)),SUMIFS(Stammdaten!$J$9:$J$26,Stammdaten!$I$9:$I$26,X13)=0),VLOOKUP(TEXT(X13,"TTT"),Stammdaten!$B$20:$F$26,5,FALSE),0))) -> 0 | AA13: =DATE(Jahr,MONTH(AA$4),$B13) -> 45909 | AB13: =IF($B13>DAY(EOMONTH(AA$4,0)),"",SUMIFS(INDIRECT(TEXT(AA13,"MMM")&"!$L$9:$L$999"),INDIRECT(TEXT(AA13,"MMM")&"!$B$9:$B$999"),AA13)+SUMIFS(Abwesenheit!$J$3:$J$199,Abwesenheit!$D$3:$D$199,AA13)) -> 0 | AC13: =IF($B13>DAY(EOMONTH(AA$4,0)),"",IF(OR(AA13<IF(YEAR(Eintritt)<Jahr,DATE(Jahr,1,1),Eintritt),AA13>IF(Austritt="",DATE(Jahr,12,31),Austritt)),0,IF(OR(ISERROR(VLOOKUP(AA13,Stammdaten!$I$9:$J$26,2,FALSE)),SUMIFS(Stammdaten!$J$9:$J$26,Stammdaten!$I$9:$I$26,AA13)=0),VLOOKUP(TEXT(AA13,"TTT"),Stammdaten!$B$20:$F$26,5,FALSE),0))) -> 0 | AD13: =DATE(Jahr,MONTH(AD$4),$B13) -> 45939 | AE13: =IF($B13>DAY(EOMONTH(AD$4,0)),"",SUMIFS(INDIRECT(TEXT(AD13,"MMM")&"!$L$9:$L$999"),INDIRECT(TEXT(AD13,"MMM")&"!$B$9:$B$999"),AD13)+SUMIFS(Abwesenheit!$J$3:$J$199,Abwesenheit!$D$3:$D$199,AD13)) -> 0 | AF13: =IF($B13>DAY(EOMONTH(AD$4,0)),"",IF(OR(AD13<IF(YEAR(Eintritt)<Jahr,DATE(Jahr,1,1),Eintritt),AD13>IF(Austritt="",DATE(Jahr,12,31),Austritt)),0,IF(OR(ISERROR(VLOOKUP(AD13,Stammdaten!$I$9:$J$26,2,FALSE)),SUMIFS(Stammdaten!$J$9:$J$26,Stammdaten!$I$9:$I$26,AD13)=0),VLOOKUP(TEXT(AD13,"TTT"),Stammdaten!$B$20:$F$26,5,FALSE),0))) -> 0 | AG13: =DATE(Jahr,MONTH(AG$4),$B13) -> 45970 | AH13: =IF($B13>DAY(EOMONTH(AG$4,0)),"",SUMIFS(INDIRECT(TEXT(AG13,"MMM")&"!$L$9:$L$999"),INDIRECT(TEXT(AG13,"MMM")&"!$B$9:$B$999"),AG13)+SUMIFS(Abwesenheit!$J$3:$J$199,Abwesenheit!$D$3:$D$199,AG13)) -> 0 | AI13: =IF($B13>DAY(EOMONTH(AG$4,0)),"",IF(OR(AG13<IF(YEAR(Eintritt)<Jahr,DATE(Jahr,1,1),Eintritt),AG13>IF(Austritt="",DATE(Jahr,12,31),Austritt)),0,IF(OR(ISERROR(VLOOKUP(AG13,Stammdaten!$I$9:$J$26,2,FALSE)),SUMIFS(Stammdaten!$J$9:$J$26,Stammdaten!$I$9:$I$26,AG13)=0),VLOOKUP(TEXT(AG13,"TTT"),Stammdaten!$B$20:$F$26,5,FALSE),0))) -> 0 | AJ13: =DATE(Jahr,MONTH(AJ$4),$B13) -> 46000 | AK13: =IF($B13>DAY(EOMONTH(AJ$4,0)),"",SUMIFS(INDIRECT(TEXT(AJ13,"MMM")&"!$L$9:$L$999"),INDIRECT(TEXT(AJ13,"MMM")&"!$B$9:$B$999"),AJ13)+SUMIFS(Abwesenheit!$J$3:$J$199,Abwesenheit!$D$3:$D$199,AJ13)) -> 0 | AL13: =IF($B13>DAY(EOMONTH(AJ$4,0)),"",IF(OR(AJ13<IF(YEAR(Eintritt)<Jahr,DATE(Jahr,1,1),Eintritt),AJ13>IF(Austritt="",DATE(Jahr,12,31),Austritt)),0,VLOOKUP(TEXT(AJ13,"TTT"),Stammdaten!$B$20:$F$26,5,FALSE)-IF(ISERROR(VLOOKUP(AJ13,Stammdaten!$I$9:$J$26,2,FALSE)),0,SUMIFS(Stammdaten!$J$9:$J$26,Stammdaten!$I$9:$I$26,AJ13)/24))) -> 0 | AM13: 9
B14: 10 | C14: =DATE(Jahr,MONTH(C$4),$B14) -> 45667 | D14: =IF($B14>DAY(EOMONTH(C$4,0)),"",SUMIFS(INDIRECT(TEXT(C14,"MMM")&"!$L$9:$L$999"),INDIRECT(TEXT(C14,"MMM")&"!$B$9:$B$999"),C14)+SUMIFS(Abwesenheit!$J$3:$J$199,Abwesenheit!$D$3:$D$199,C14)) -> 0 | E14: =IF($B14>DAY(EOMONTH(C$4,0)),"",IF(OR(C14<IF(YEAR(Eintritt)<Jahr,DATE(Jahr,1,1),Eintritt),C14>IF(Austritt="",DATE(Jahr,12,31),Austritt)),0,IF(OR(ISERROR(VLOOKUP(C14,Stammdaten!$I$9:$J$26,2,FALSE)),SUMIFS(Stammdaten!$J$9:$J$26,Stammdaten!$I$9:$I$26,C14)=0),VLOOKUP(TEXT(C14,"TTT"),Stammdaten!$B$20:$F$26,5,FALSE),0))) -> 0 | F14: =DATE(Jahr,MONTH(F$4),$B14) -> 45698 | G14: =IF($B14>DAY(EOMONTH(F$4,0)),"",SUMIFS(INDIRECT(TEXT(F14,"MMM")&"!$L$9:$L$999"),INDIRECT(TEXT(F14,"MMM")&"!$B$9:$B$999"),F14)+SUMIFS(Abwesenheit!$J$3:$J$199,Abwesenheit!$D$3:$D$199,F14)) -> 0 | H14: =IF($B14>DAY(EOMONTH(F$4,0)),"",IF(OR(F14<IF(YEAR(Eintritt)<Jahr,DATE(Jahr,1,1),Eintritt),F14>IF(Austritt="",DATE(Jahr,12,31),Austritt)),0,IF(OR(ISERROR(VLOOKUP(F14,Stammdaten!$I$9:$J$26,2,FALSE)),SUMIFS(Stammdaten!$J$9:$J$26,Stammdaten!$I$9:$I$26,F14)=0),VLOOKUP(TEXT(F14,"TTT"),Stammdaten!$B$20:$F$26,5,FALSE),0))) -> 0 | I14: =DATE(Jahr,MONTH(I$4),$B14) -> 45726 | J14: =IF($B14>DAY(EOMONTH(I$4,0)),"",SUMIFS(INDIRECT(TEXT(I14,"MMM")&"!$L$9:$L$999"),INDIRECT(TEXT(I14,"MMM")&"!$B$9:$B$999"),I14)+SUMIFS(Abwesenheit!$J$3:$J$199,Abwesenheit!$D$3:$D$199,I14)) -> 0 | K14: =IF($B14>DAY(EOMONTH(I$4,0)),"",IF(OR(I14<IF(YEAR(Eintritt)<Jahr,DATE(Jahr,1,1),Eintritt),I14>IF(Austritt="",DATE(Jahr,12,31),Austritt)),0,IF(OR(ISERROR(VLOOKUP(I14,Stammdaten!$I$9:$J$26,2,FALSE)),SUMIFS(Stammdaten!$J$9:$J$26,Stammdaten!$I$9:$I$26,I14)=0),VLOOKUP(TEXT(I14,"TTT"),Stammdaten!$B$20:$F$26,5,FALSE),0))) -> 0 | L14: =DATE(Jahr,MONTH(L$4),$B14) -> 45757 | M14: =IF($B14>DAY(EOMONTH(L$4,0)),"",SUMIFS(INDIRECT(TEXT(L14,"MMM")&"!$L$9:$L$999"),INDIRECT(TEXT(L14,"MMM")&"!$B$9:$B$999"),L14)+SUMIFS(Abwesenheit!$J$3:$J$199,Abwesenheit!$D$3:$D$199,L14)) -> 0 | N14: =IF($B14>DAY(EOMONTH(L$4,0)),"",IF(OR(L14<IF(YEAR(Eintritt)<Jahr,DATE(Jahr,1,1),Eintritt),L14>IF(Austritt="",DATE(Jahr,12,31),Austritt)),0,IF(OR(ISERROR(VLOOKUP(L14,Stammdaten!$I$9:$J$26,2,FALSE)),SUMIFS(Stammdaten!$J$9:$J$26,Stammdaten!$I$9:$I$26,L14)=0),VLOOKUP(TEXT(L14,"TTT"),Stammdaten!$B$20:$F$26,5,FALSE),0))) -> 0 | O14: =DATE(Jahr,MONTH(O$4),$B14) -> 45787 | P14: =IF($B14>DAY(EOMONTH(O$4,0)),"",SUMIFS(INDIRECT(TEXT(O14,"MMM")&"!$L$9:$L$999"),INDIRECT(TEXT(O14,"MMM")&"!$B$9:$B$999"),O14)+SUMIFS(Abwesenheit!$J$3:$J$199,Abwesenheit!$D$3:$D$199,O14)) -> 0 | Q14: =IF($B14>DAY(EOMONTH(O$4,0)),"",IF(OR(O14<IF(YEAR(Eintritt)<Jahr,DATE(Jahr,1,1),Eintritt),O14>IF(Austritt="",DATE(Jahr,12,31),Austritt)),0,IF(OR(ISERROR(VLOOKUP(O14,Stammdaten!$I$9:$J$26,2,FALSE)),SUMIFS(Stammdaten!$J$9:$J$26,Stammdaten!$I$9:$I$26,O14)=0),VLOOKUP(TEXT(O14,"TTT"),Stammdaten!$B$20:$F$26,5,FALSE),0))) -> 0 | R14: =DATE(Jahr,MONTH(R$4),$B14) -> 45818 | S14: =IF($B14>DAY(EOMONTH(R$4,0)),"",SUMIFS(INDIRECT(TEXT(R14,"MMM")&"!$L$9:$L$999"),INDIRECT(TEXT(R14,"MMM")&"!$B$9:$B$999"),R14)+SUMIFS(Abwesenheit!$J$3:$J$199,Abwesenheit!$D$3:$D$199,R14)) -> 0 | T14: =IF($B14>DAY(EOMONTH(R$4,0)),"",IF(OR(R14<IF(YEAR(Eintritt)<Jahr,DATE(Jahr,1,1),Eintritt),R14>IF(Austritt="",DATE(Jahr,12,31),Austritt)),0,IF(OR(ISERROR(VLOOKUP(R14,Stammdaten!$I$9:$J$26,2,FALSE)),SUMIFS(Stammdaten!$J$9:$J$26,Stammdaten!$I$9:$I$26,R14)=0),VLOOKUP(TEXT(R14,"TTT"),Stammdaten!$B$20:$F$26,5,FALSE),0))) -> 0 | U14: =DATE(Jahr,MONTH(U$4),$B14) -> 45848 | V14: =IF($B14>DAY(EOMONTH(U$4,0)),"",SUMIFS(INDIRECT(TEXT(U14,"MMM")&"!$L$9:$L$999"),INDIRECT(TEXT(U14,"MMM")&"!$B$9:$B$999"),U14)+SUMIFS(Abwesenheit!$J$3:$J$199,Abwesenheit!$D$3:$D$199,U14)) -> 0 | W14: =IF($B14>DAY(EOMONTH(U$4,0)),"",IF(OR(U14<IF(YEAR(Eintritt)<Jahr,DATE(Jahr,1,1),Eintritt),U14>IF(Austritt="",DATE(Jahr,12,31),Austritt)),0,IF(OR(ISERROR(VLOOKUP(U14,Stammdaten!$I$9:$J$26,2,FALSE)),SUMIFS(Stammdaten!$J$9:$J$26,Stammdaten!$I$9:$I$26,U14)=0),VLOOKUP(TEXT(U14,"TTT"),Stammdaten!$B$20:$F$26,5,FALSE),0))) -> 0.33333333 | X14: =DATE(Jahr,MONTH(X$4),$B14) -> 45879 | Y14: =IF($B14>DAY(EOMONTH(X$4,0)),"",SUMIFS(INDIRECT(TEXT(X14,"MMM")&"!$L$9:$L$999"),INDIRECT(TEXT(X14,"MMM")&"!$B$9:$B$999"),X14)+SUMIFS(Abwesenheit!$J$3:$J$199,Abwesenheit!$D$3:$D$199,X14)) -> 0 | Z14: =IF($B14>DAY(EOMONTH(X$4,0)),"",IF(OR(X14<IF(YEAR(Eintritt)<Jahr,DATE(Jahr,1,1),Eintritt),X14>IF(Austritt="",DATE(Jahr,12,31),Austritt)),0,IF(OR(ISERROR(VLOOKUP(X14,Stammdaten!$I$9:$J$26,2,FALSE)),SUMIFS(Stammdaten!$J$9:$J$26,Stammdaten!$I$9:$I$26,X14)=0),VLOOKUP(TEXT(X14,"TTT"),Stammdaten!$B$20:$F$26,5,FALSE),0))) -> 0 | AA14: =DATE(Jahr,MONTH(AA$4),$B14) -> 45910 | AB14: =IF($B14>DAY(EOMONTH(AA$4,0)),"",SUMIFS(INDIRECT(TEXT(AA14,"MMM")&"!$L$9:$L$999"),INDIRECT(TEXT(AA14,"MMM")&"!$B$9:$B$999"),AA14)+SUMIFS(Abwesenheit!$J$3:$J$199,Abwesenheit!$D$3:$D$199,AA14)) -> 0 | AC14: =IF($B14>DAY(EOMONTH(AA$4,0)),"",IF(OR(AA14<IF(YEAR(Eintritt)<Jahr,DATE(Jahr,1,1),Eintritt),AA14>IF(Austritt="",DATE(Jahr,12,31),Austritt)),0,IF(OR(ISERROR(VLOOKUP(AA14,Stammdaten!$I$9:$J$26,2,FALSE)),SUMIFS(Stammdaten!$J$9:$J$26,Stammdaten!$I$9:$I$26,AA14)=0),VLOOKUP(TEXT(AA14,"TTT"),Stammdaten!$B$20:$F$26,5,FALSE),0))) -> 0 | AD14: =DATE(Jahr,MONTH(AD$4),$B14) -> 45940 | AE14: =IF($B14>DAY(EOMONTH(AD$4,0)),"",SUMIFS(INDIRECT(TEXT(AD14,"MMM")&"!$L$9:$L$999"),INDIRECT(TEXT(AD14,"MMM")&"!$B$9:$B$999"),AD14)+SUMIFS(Abwesenheit!$J$3:$J$199,Abwesenheit!$D$3:$D$199,AD14)) -> 0 | AF14: =IF($B14>DAY(EOMONTH(AD$4,0)),"",IF(OR(AD14<IF(YEAR(Eintritt)<Jahr,DATE(Jahr,1,1),Eintritt),AD14>IF(Austritt="",DATE(Jahr,12,31),Austritt)),0,IF(OR(ISERROR(VLOOKUP(AD14,Stammdaten!$I$9:$J$26,2,FALSE)),SUMIFS(Stammdaten!$J$9:$J$26,Stammdaten!$I$9:$I$26,AD14)=0),VLOOKUP(TEXT(AD14,"TTT"),Stammdaten!$B$20:$F$26,5,FALSE),0))) -> 0 | AG14: =DATE(Jahr,MONTH(AG$4),$B14) -> 45971 | AH14: =IF($B14>DAY(EOMONTH(AG$4,0)),"",SUMIFS(INDIRECT(TEXT(AG14,"MMM")&"!$L$9:$L$999"),INDIRECT(TEXT(AG14,"MMM")&"!$B$9:$B$999"),AG14)+SUMIFS(Abwesenheit!$J$3:$J$199,Abwesenheit!$D$3:$D$199,AG14)) -> 0 | AI14: =IF($B14>DAY(EOMONTH(AG$4,0)),"",IF(OR(AG14<IF(YEAR(Eintritt)<Jahr,DATE(Jahr,1,1),Eintritt),AG14>IF(Austritt="",DATE(Jahr,12,31),Austritt)),0,IF(OR(ISERROR(VLOOKUP(AG14,Stammdaten!$I$9:$J$26,2,FALSE)),SUMIFS(Stammdaten!$J$9:$J$26,Stammdaten!$I$9:$I$26,AG14)=0),VLOOKUP(TEXT(AG14,"TTT"),Stammdaten!$B$20:$F$26,5,FALSE),0))) -> 0 | AJ14: =DATE(Jahr,MONTH(AJ$4),$B14) -> 46001 | AK14: =IF($B14>DAY(EOMONTH(AJ$4,0)),"",SUMIFS(INDIRECT(TEXT(AJ14,"MMM")&"!$L$9:$L$999"),INDIRECT(TEXT(AJ14,"MMM")&"!$B$9:$B$999"),AJ14)+SUMIFS(Abwesenheit!$J$3:$J$199,Abwesenheit!$D$3:$D$199,AJ14)) -> 0 | AL14: =IF($B14>DAY(EOMONTH(AJ$4,0)),"",IF(OR(AJ14<IF(YEAR(Eintritt)<Jahr,DATE(Jahr,1,1),Eintritt),AJ14>IF(Austritt="",DATE(Jahr,12,31),Austritt)),0,VLOOKUP(TEXT(AJ14,"TTT"),Stammdaten!$B$20:$F$26,5,FALSE)-IF(ISERROR(VLOOKUP(AJ14,Stammdaten!$I$9:$J$26,2,FALSE)),0,SUMIFS(Stammdaten!$J$9:$J$26,Stammdaten!$I$9:$I$26,AJ14)/24))) -> 0 | AM14: 10
B15: 11 | C15: =DATE(Jahr,MONTH(C$4),$B15) -> 45668 | D15: =IF($B15>DAY(EOMONTH(C$4,0)),"",SUMIFS(INDIRECT(TEXT(C15,"MMM")&"!$L$9:$L$999"),INDIRECT(TEXT(C15,"MMM")&"!$B$9:$B$999"),C15)+SUMIFS(Abwesenheit!$J$3:$J$199,Abwesenheit!$D$3:$D$199,C15)) -> 0 | E15: =IF($B15>DAY(EOMONTH(C$4,0)),"",IF(OR(C15<IF(YEAR(Eintritt)<Jahr,DATE(Jahr,1,1),Eintritt),C15>IF(Austritt="",DATE(Jahr,12,31),Austritt)),0,IF(OR(ISERROR(VLOOKUP(C15,Stammdaten!$I$9:$J$26,2,FALSE)),SUMIFS(Stammdaten!$J$9:$J$26,Stammdaten!$I$9:$I$26,C15)=0),VLOOKUP(TEXT(C15,"TTT"),Stammdaten!$B$20:$F$26,5,FALSE),0))) -> 0 | F15: =DATE(Jahr,MONTH(F$4),$B15) -> 45699 | G15: =IF($B15>DAY(EOMONTH(F$4,0)),"",SUMIFS(INDIRECT(TEXT(F15,"MMM")&"!$L$9:$L$999"),INDIRECT(TEXT(F15,"MMM")&"!$B$9:$B$999"),F15)+SUMIFS(Abwesenheit!$J$3:$J$199,Abwesenheit!$D$3:$D$199,F15)) -> 0 | H15: =IF($B15>DAY(EOMONTH(F$4,0)),"",IF(OR(F15<IF(YEAR(Eintritt)<Jahr,DATE(Jahr,1,1),Eintritt),F15>IF(Austritt="",DATE(Jahr,12,31),Austritt)),0,IF(OR(ISERROR(VLOOKUP(F15,Stammdaten!$I$9:$J$26,2,FALSE)),SUMIFS(Stammdaten!$J$9:$J$26,Stammdaten!$I$9:$I$26,F15)=0),VLOOKUP(TEXT(F15,"TTT"),Stammdaten!$B$20:$F$26,5,FALSE),0))) -> 0 | I15: =DATE(Jahr,MONTH(I$4),$B15) -> 45727 | J15: =IF($B15>DAY(EOMONTH(I$4,0)),"",SUMIFS(INDIRECT(TEXT(I15,"MMM")&"!$L$9:$L$999"),INDIRECT(TEXT(I15,"MMM")&"!$B$9:$B$999"),I15)+SUMIFS(Abwesenheit!$J$3:$J$199,Abwesenheit!$D$3:$D$199,I15)) -> 0 | K15: =IF($B15>DAY(EOMONTH(I$4,0)),"",IF(OR(I15<IF(YEAR(Eintritt)<Jahr,DATE(Jahr,1,1),Eintritt),I15>IF(Austritt="",DATE(Jahr,12,31),Austritt)),0,IF(OR(ISERROR(VLOOKUP(I15,Stammdaten!$I$9:$J$26,2,FALSE)),SUMIFS(Stammdaten!$J$9:$J$26,Stammdaten!$I$9:$I$26,I15)=0),VLOOKUP(TEXT(I15,"TTT"),Stammdaten!$B$20:$F$26,5,FALSE),0))) -> 0 | L15: =DATE(Jahr,MONTH(L$4),$B15) -> 45758 | M15: =IF($B15>DAY(EOMONTH(L$4,0)),"",SUMIFS(INDIRECT(TEXT(L15,"MMM")&"!$L$9:$L$999"),INDIRECT(TEXT(L15,"MMM")&"!$B$9:$B$999"),L15)+SUMIFS(Abwesenheit!$J$3:$J$199,Abwesenheit!$D$3:$D$199,L15)) -> 0 | N15: =IF($B15>DAY(EOMONTH(L$4,0)),"",IF(OR(L15<IF(YEAR(Eintritt)<Jahr,DATE(Jahr,1,1),Eintritt),L15>IF(Austritt="",DATE(Jahr,12,31),Austritt)),0,IF(OR(ISERROR(VLOOKUP(L15,Stammdaten!$I$9:$J$26,2,FALSE)),SUMIFS(Stammdaten!$J$9:$J$26,Stammdaten!$I$9:$I$26,L15)=0),VLOOKUP(TEXT(L15,"TTT"),Stammdaten!$B$20:$F$26,5,FALSE),0))) -> 0 | O15: =DATE(Jahr,MONTH(O$4),$B15) -> 45788 | P15: =IF($B15>DAY(EOMONTH(O$4,0)),"",SUMIFS(INDIRECT(TEXT(O15,"MMM")&"!$L$9:$L$999"),INDIRECT(TEXT(O15,"MMM")&"!$B$9:$B$999"),O15)+SUMIFS(Abwesenheit!$J$3:$J$199,Abwesenheit!$D$3:$D$199,O15)) -> 0 | Q15: =IF($B15>DAY(EOMONTH(O$4,0)),"",IF(OR(O15<IF(YEAR(Eintritt)<Jahr,DATE(Jahr,1,1),Eintritt),O15>IF(Austritt="",DATE(Jahr,12,31),Austritt)),0,IF(OR(ISERROR(VLOOKUP(O15,Stammdaten!$I$9:$J$26,2,FALSE)),SUMIFS(Stammdaten!$J$9:$J$26,Stammdaten!$I$9:$I$26,O15)=0),VLOOKUP(TEXT(O15,"TTT"),Stammdaten!$B$20:$F$26,5,FALSE),0))) -> 0 | R15: =DATE(Jahr,MONTH(R$4),$B15) -> 45819 | S15: =IF($B15>DAY(EOMONTH(R$4,0)),"",SUMIFS(INDIRECT(TEXT(R15,"MMM")&"!$L$9:$L$999"),INDIRECT(TEXT(R15,"MMM")&"!$B$9:$B$999"),R15)+SUMIFS(Abwesenheit!$J$3:$J$199,Abwesenheit!$D$3:$D$199,R15)) -> 0 | T15: =IF($B15>DAY(EOMONTH(R$4,0)),"",IF(OR(R15<IF(YEAR(Eintritt)<Jahr,DATE(Jahr,1,1),Eintritt),R15>IF(Austritt="",DATE(Jahr,12,31),Austritt)),0,IF(OR(ISERROR(VLOOKUP(R15,Stammdaten!$I$9:$J$26,2,FALSE)),SUMIFS(Stammdaten!$J$9:$J$26,Stammdaten!$I$9:$I$26,R15)=0),VLOOKUP(TEXT(R15,"TTT"),Stammdaten!$B$20:$F$26,5,FALSE),0))) -> 0 | U15: =DATE(Jahr,MONTH(U$4),$B15) -> 45849 | V15: =IF($B15>DAY(EOMONTH(U$4,0)),"",SUMIFS(INDIRECT(TEXT(U15,"MMM")&"!$L$9:$L$999"),INDIRECT(TEXT(U15,"MMM")&"!$B$9:$B$999"),U15)+SUMIFS(Abwesenheit!$J$3:$J$199,Abwesenheit!$D$3:$D$199,U15)) -> 0 | W15: =IF($B15>DAY(EOMONTH(U$4,0)),"",IF(OR(U15<IF(YEAR(Eintritt)<Jahr,DATE(Jahr,1,1),Eintritt),U15>IF(Austritt="",DATE(Jahr,12,31),Austritt)),0,IF(OR(ISERROR(VLOOKUP(U15,Stammdaten!$I$9:$J$26,2,FALSE)),SUMIFS(Stammdaten!$J$9:$J$26,Stammdaten!$I$9:$I$26,U15)=0),VLOOKUP(TEXT(U15,"TTT"),Stammdaten!$B$20:$F$26,5,FALSE),0))) -> 0.33333333 | X15: =DATE(Jahr,MONTH(X$4),$B15) -> 45880 | Y15: =IF($B15>DAY(EOMONTH(X$4,0)),"",SUMIFS(INDIRECT(TEXT(X15,"MMM")&"!$L$9:$L$999"),INDIRECT(TEXT(X15,"MMM")&"!$B$9:$B$999"),X15)+SUMIFS(Abwesenheit!$J$3:$J$199,Abwesenheit!$D$3:$D$199,X15)) -> 0 | Z15: =IF($B15>DAY(EOMONTH(X$4,0)),"",IF(OR(X15<IF(YEAR(Eintritt)<Jahr,DATE(Jahr,1,1),Eintritt),X15>IF(Austritt="",DATE(Jahr,12,31),Austritt)),0,IF(OR(ISERROR(VLOOKUP(X15,Stammdaten!$I$9:$J$26,2,FALSE)),SUMIFS(Stammdaten!$J$9:$J$26,Stammdaten!$I$9:$I$26,X15)=0),VLOOKUP(TEXT(X15,"TTT"),Stammdaten!$B$20:$F$26,5,FALSE),0))) -> 0 | AA15: =DATE(Jahr,MONTH(AA$4),$B15) -> 45911 | AB15: =IF($B15>DAY(EOMONTH(AA$4,0)),"",SUMIFS(INDIRECT(TEXT(AA15,"MMM")&"!$L$9:$L$999"),INDIRECT(TEXT(AA15,"MMM")&"!$B$9:$B$999"),AA15)+SUMIFS(Abwesenheit!$J$3:$J$199,Abwesenheit!$D$3:$D$199,AA15)) -> 0 | AC15: =IF($B15>DAY(EOMONTH(AA$4,0)),"",IF(OR(AA15<IF(YEAR(Eintritt)<Jahr,DATE(Jahr,1,1),Eintritt),AA15>IF(Austritt="",DATE(Jahr,12,31),Austritt)),0,IF(OR(ISERROR(VLOOKUP(AA15,Stammdaten!$I$9:$J$26,2,FALSE)),SUMIFS(Stammdaten!$J$9:$J$26,Stammdaten!$I$9:$I$26,AA15)=0),VLOOKUP(TEXT(AA15,"TTT"),Stammdaten!$B$20:$F$26,5,FALSE),0))) -> 0 | AD15: =DATE(Jahr,MONTH(AD$4),$B15) -> 45941 | AE15: =IF($B15>DAY(EOMONTH(AD$4,0)),"",SUMIFS(INDIRECT(TEXT(AD15,"MMM")&"!$L$9:$L$999"),INDIRECT(TEXT(AD15,"MMM")&"!$B$9:$B$999"),AD15)+SUMIFS(Abwesenheit!$J$3:$J$199,Abwesenheit!$D$3:$D$199,AD15)) -> 0 | AF15: =IF($B15>DAY(EOMONTH(AD$4,0)),"",IF(OR(AD15<IF(YEAR(Eintritt)<Jahr,DATE(Jahr,1,1),Eintritt),AD15>IF(Austritt="",DATE(Jahr,12,31),Austritt)),0,IF(OR(ISERROR(VLOOKUP(AD15,Stammdaten!$I$9:$J$26,2,FALSE)),SUMIFS(Stammdaten!$J$9:$J$26,Stammdaten!$I$9:$I$26,AD15)=0),VLOOKUP(TEXT(AD15,"TTT"),Stammdaten!$B$20:$F$26,5,FALSE),0))) -> 0 | AG15: =DATE(Jahr,MONTH(AG$4),$B15) -> 45972 | AH15: =IF($B15>DAY(EOMONTH(AG$4,0)),"",SUMIFS(INDIRECT(TEXT(AG15,"MMM")&"!$L$9:$L$999"),INDIRECT(TEXT(AG15,"MMM")&"!$B$9:$B$999"),AG15)+SUMIFS(Abwesenheit!$J$3:$J$199,Abwesenheit!$D$3:$D$199,AG15)) -> 0 | AI15: =IF($B15>DAY(EOMONTH(AG$4,0)),"",IF(OR(AG15<IF(YEAR(Eintritt)<Jahr,DATE(Jahr,1,1),Eintritt),AG15>IF(Austritt="",DATE(Jahr,12,31),Austritt)),0,IF(OR(ISERROR(VLOOKUP(AG15,Stammdaten!$I$9:$J$26,2,FALSE)),SUMIFS(Stammdaten!$J$9:$J$26,Stammdaten!$I$9:$I$26,AG15)=0),VLOOKUP(TEXT(AG15,"TTT"),Stammdaten!$B$20:$F$26,5,FALSE),0))) -> 0 | AJ15: =DATE(Jahr,MONTH(AJ$4),$B15) -> 46002 | AK15: =IF($B15>DAY(EOMONTH(AJ$4,0)),"",SUMIFS(INDIRECT(TEXT(AJ15,"MMM")&"!$L$9:$L$999"),INDIRECT(TEXT(AJ15,"MMM")&"!$B$9:$B$999"),AJ15)+SUMIFS(Abwesenheit!$J$3:$J$199,Abwesenheit!$D$3:$D$199,AJ15)) -> 0 | AL15: =IF($B15>DAY(EOMONTH(AJ$4,0)),"",IF(OR(AJ15<IF(YEAR(Eintritt)<Jahr,DATE(Jahr,1,1),Eintritt),AJ15>IF(Austritt="",DATE(Jahr,12,31),Austritt)),0,VLOOKUP(TEXT(AJ15,"TTT"),Stammdaten!$B$20:$F$26,5,FALSE)-IF(ISERROR(VLOOKUP(AJ15,Stammdaten!$I$9:$J$26,2,FALSE)),0,SUMIFS(Stammdaten!$J$9:$J$26,Stammdaten!$I$9:$I$26,AJ15)/24))) -> 0 | AM15: 11
B16: 12 | C16: =DATE(Jahr,MONTH(C$4),$B16) -> 45669 | D16: =IF($B16>DAY(EOMONTH(C$4,0)),"",SUMIFS(INDIRECT(TEXT(C16,"MMM")&"!$L$9:$L$999"),INDIRECT(TEXT(C16,"MMM")&"!$B$9:$B$999"),C16)+SUMIFS(Abwesenheit!$J$3:$J$199,Abwesenheit!$D$3:$D$199,C16)) -> 0 | E16: =IF($B16>DAY(EOMONTH(C$4,0)),"",IF(OR(C16<IF(YEAR(Eintritt)<Jahr,DATE(Jahr,1,1),Eintritt),C16>IF(Austritt="",DATE(Jahr,12,31),Austritt)),0,IF(OR(ISERROR(VLOOKUP(C16,Stammdaten!$I$9:$J$26,2,FALSE)),SUMIFS(Stammdaten!$J$9:$J$26,Stammdaten!$I$9:$I$26,C16)=0),VLOOKUP(TEXT(C16,"TTT"),Stammdaten!$B$20:$F$26,5,FALSE),0))) -> 0 | F16: =DATE(Jahr,MONTH(F$4),$B16) -> 45700 | G16: =IF($B16>DAY(EOMONTH(F$4,0)),"",SUMIFS(INDIRECT(TEXT(F16,"MMM")&"!$L$9:$L$999"),INDIRECT(TEXT(F16,"MMM")&"!$B$9:$B$999"),F16)+SUMIFS(Abwesenheit!$J$3:$J$199,Abwesenheit!$D$3:$D$199,F16)) -> 0 | H16: =IF($B16>DAY(EOMONTH(F$4,0)),"",IF(OR(F16<IF(YEAR(Eintritt)<Jahr,DATE(Jahr,1,1),Eintritt),F16>IF(Austritt="",DATE(Jahr,12,31),Austritt)),0,IF(OR(ISERROR(VLOOKUP(F16,Stammdaten!$I$9:$J$26,2,FALSE)),SUMIFS(Stammdaten!$J$9:$J$26,Stammdaten!$I$9:$I$26,F16)=0),VLOOKUP(TEXT(F16,"TTT"),Stammdaten!$B$20:$F$26,5,FALSE),0))) -> 0 | I16: =DATE(Jahr,MONTH(I$4),$B16) -> 45728 | J16: =IF($B16>DAY(EOMONTH(I$4,0)),"",SUMIFS(INDIRECT(TEXT(I16,"MMM")&"!$L$9:$L$999"),INDIRECT(TEXT(I16,"MMM")&"!$B$9:$B$999"),I16)+SUMIFS(Abwesenheit!$J$3:$J$199,Abwesenheit!$D$3:$D$199,I16)) -> 0 | K16: =IF($B16>DAY(EOMONTH(I$4,0)),"",IF(OR(I16<IF(YEAR(Eintritt)<Jahr,DATE(Jahr,1,1),Eintritt),I16>IF(Austritt="",DATE(Jahr,12,31),Austritt)),0,IF(OR(ISERROR(VLOOKUP(I16,Stammdaten!$I$9:$J$26,2,FALSE)),SUMIFS(Stammdaten!$J$9:$J$26,Stammdaten!$I$9:$I$26,I16)=0),VLOOKUP(TEXT(I16,"TTT"),Stammdaten!$B$20:$F$26,5,FALSE),0))) -> 0 | L16: =DATE(Jahr,MONTH(L$4),$B16) -> 45759 | M16: =IF($B16>DAY(EOMONTH(L$4,0)),"",SUMIFS(INDIRECT(TEXT(L16,"MMM")&"!$L$9:$L$999"),INDIRECT(TEXT(L16,"MMM")&"!$B$9:$B$999"),L16)+SUMIFS(Abwesenheit!$J$3:$J$199,Abwesenheit!$D$3:$D$199,L16)) -> 0 | N16: =IF($B16>DAY(EOMONTH(L$4,0)),"",IF(OR(L16<IF(YEAR(Eintritt)<Jahr,DATE(Jahr,1,1),Eintritt),L16>IF(Austritt="",DATE(Jahr,12,31),Austritt)),0,IF(OR(ISERROR(VLOOKUP(L16,Stammdaten!$I$9:$J$26,2,FALSE)),SUMIFS(Stammdaten!$J$9:$J$26,Stammdaten!$I$9:$I$26,L16)=0),VLOOKUP(TEXT(L16,"TTT"),Stammdaten!$B$20:$F$26,5,FALSE),0))) -> 0 | O16: =DATE(Jahr,MONTH(O$4),$B16) -> 45789 | P16: =IF($B16>DAY(EOMONTH(O$4,0)),"",SUMIFS(INDIRECT(TEXT(O16,"MMM")&"!$L$9:$L$999"),INDIRECT(TEXT(O16,"MMM")&"!$B$9:$B$999"),O16)+SUMIFS(Abwesenheit!$J$3:$J$199,Abwesenheit!$D$3:$D$199,O16)) -> 0 | Q16: =IF($B16>DAY(EOMONTH(O$4,0)),"",IF(OR(O16<IF(YEAR(Eintritt)<Jahr,DATE(Jahr,1,1),Eintritt),O16>IF(Austritt="",DATE(Jahr,12,31),Austritt)),0,IF(OR(ISERROR(VLOOKUP(O16,Stammdaten!$I$9:$J$26,2,FALSE)),SUMIFS(Stammdaten!$J$9:$J$26,Stammdaten!$I$9:$I$26,O16)=0),VLOOKUP(TEXT(O16,"TTT"),Stammdaten!$B$20:$F$26,5,FALSE),0))) -> 0 | R16: =DATE(Jahr,MONTH(R$4),$B16) -> 45820 | S16: =IF($B16>DAY(EOMONTH(R$4,0)),"",SUMIFS(INDIRECT(TEXT(R16,"MMM")&"!$L$9:$L$999"),INDIRECT(TEXT(R16,"MMM")&"!$B$9:$B$999"),R16)+SUMIFS(Abwesenheit!$J$3:$J$199,Abwesenheit!$D$3:$D$199,R16)) -> 0 | T16: =IF($B16>DAY(EOMONTH(R$4,0)),"",IF(OR(R16<IF(YEAR(Eintritt)<Jahr,DATE(Jahr,1,1),Eintritt),R16>IF(Austritt="",DATE(Jahr,12,31),Austritt)),0,IF(OR(ISERROR(VLOOKUP(R16,Stammdaten!$I$9:$J$26,2,FALSE)),SUMIFS(Stammdaten!$J$9:$J$26,Stammdaten!$I$9:$I$26,R16)=0),VLOOKUP(TEXT(R16,"TTT"),Stammdaten!$B$20:$F$26,5,FALSE),0))) -> 0 | U16: =DATE(Jahr,MONTH(U$4),$B16) -> 45850 | V16: =IF($B16>DAY(EOMONTH(U$4,0)),"",SUMIFS(INDIRECT(TEXT(U16,"MMM")&"!$L$9:$L$999"),INDIRECT(TEXT(U16,"MMM")&"!$B$9:$B$999"),U16)+SUMIFS(Abwesenheit!$J$3:$J$199,Abwesenheit!$D$3:$D$199,U16)) -> 0 | W16: =IF($B16>DAY(EOMONTH(U$4,0)),"",IF(OR(U16<IF(YEAR(Eintritt)<Jahr,DATE(Jahr,1,1),Eintritt),U16>IF(Austritt="",DATE(Jahr,12,31),Austritt)),0,IF(OR(ISERROR(VLOOKUP(U16,Stammdaten!$I$9:$J$26,2,FALSE)),SUMIFS(Stammdaten!$J$9:$J$26,Stammdaten!$I$9:$I$26,U16)=0),VLOOKUP(TEXT(U16,"TTT"),Stammdaten!$B$20:$F$26,5,FALSE),0))) -> 0 | X16: =DATE(Jahr,MONTH(X$4),$B16) -> 45881 | Y16: =IF($B16>DAY(EOMONTH(X$4,0)),"",SUMIFS(INDIRECT(TEXT(X16,"MMM")&"!$L$9:$L$999"),INDIRECT(TEXT(X16,"MMM")&"!$B$9:$B$999"),X16)+SUMIFS(Abwesenheit!$J$3:$J$199,Abwesenheit!$D$3:$D$199,X16)) -> 0 | Z16: =IF($B16>DAY(EOMONTH(X$4,0)),"",IF(OR(X16<IF(YEAR(Eintritt)<Jahr,DATE(Jahr,1,1),Eintritt),X16>IF(Austritt="",DATE(Jahr,12,31),Austritt)),0,IF(OR(ISERROR(VLOOKUP(X16,Stammdaten!$I$9:$J$26,2,FALSE)),SUMIFS(Stammdaten!$J$9:$J$26,Stammdaten!$I$9:$I$26,X16)=0),VLOOKUP(TEXT(X16,"TTT"),Stammdaten!$B$20:$F$26,5,FALSE),0))) -> 0 | AA16: =DATE(Jahr,MONTH(AA$4),$B16) -> 45912 | AB16: =IF($B16>DAY(EOMONTH(AA$4,0)),"",SUMIFS(INDIRECT(TEXT(AA16,"MMM")&"!$L$9:$L$999"),INDIRECT(TEXT(AA16,"MMM")&"!$B$9:$B$999"),AA16)+SUMIFS(Abwesenheit!$J$3:$J$199,Abwesenheit!$D$3:$D$199,AA16)) -> 0 | AC16: =IF($B16>DAY(EOMONTH(AA$4,0)),"",IF(OR(AA16<IF(YEAR(Eintritt)<Jahr,DATE(Jahr,1,1),Eintritt),AA16>IF(Austritt="",DATE(Jahr,12,31),Austritt)),0,IF(OR(ISERROR(VLOOKUP(AA16,Stammdaten!$I$9:$J$26,2,FALSE)),SUMIFS(Stammdaten!$J$9:$J$26,Stammdaten!$I$9:$I$26,AA16)=0),VLOOKUP(TEXT(AA16,"TTT"),Stammdaten!$B$20:$F$26,5,FALSE),0))) -> 0 | AD16: =DATE(Jahr,MONTH(AD$4),$B16) -> 45942 | AE16: =IF($B16>DAY(EOMONTH(AD$4,0)),"",SUMIFS(INDIRECT(TEXT(AD16,"MMM")&"!$L$9:$L$999"),INDIRECT(TEXT(AD16,"MMM")&"!$B$9:$B$999"),AD16)+SUMIFS(Abwesenheit!$J$3:$J$199,Abwesenheit!$D$3:$D$199,AD16)) -> 0 | AF16: =IF($B16>DAY(EOMONTH(AD$4,0)),"",IF(OR(AD16<IF(YEAR(Eintritt)<Jahr,DATE(Jahr,1,1),Eintritt),AD16>IF(Austritt="",DATE(Jahr,12,31),Austritt)),0,IF(OR(ISERROR(VLOOKUP(AD16,Stammdaten!$I$9:$J$26,2,FALSE)),SUMIFS(Stammdaten!$J$9:$J$26,Stammdaten!$I$9:$I$26,AD16)=0),VLOOKUP(TEXT(AD16,"TTT"),Stammdaten!$B$20:$F$26,5,FALSE),0))) -> 0 | AG16: =DATE(Jahr,MONTH(AG$4),$B16) -> 45973 | AH16: =IF($B16>DAY(EOMONTH(AG$4,0)),"",SUMIFS(INDIRECT(TEXT(AG16,"MMM")&"!$L$9:$L$999"),INDIRECT(TEXT(AG16,"MMM")&"!$B$9:$B$999"),AG16)+SUMIFS(Abwesenheit!$J$3:$J$199,Abwesenheit!$D$3:$D$199,AG16)) -> 0 | AI16: =IF($B16>DAY(EOMONTH(AG$4,0)),"",IF(OR(AG16<IF(YEAR(Eintritt)<Jahr,DATE(Jahr,1,1),Eintritt),AG16>IF(Austritt="",DATE(Jahr,12,31),Austritt)),0,IF(OR(ISERROR(VLOOKUP(AG16,Stammdaten!$I$9:$J$26,2,FALSE)),SUMIFS(Stammdaten!$J$9:$J$26,Stammdaten!$I$9:$I$26,AG16)=0),VLOOKUP(TEXT(AG16,"TTT"),Stammdaten!$B$20:$F$26,5,FALSE),0))) -> 0 | AJ16: =DATE(Jahr,MONTH(AJ$4),$B16) -> 46003 | AK16: =IF($B16>DAY(EOMONTH(AJ$4,0)),"",SUMIFS(INDIRECT(TEXT(AJ16,"MMM")&"!$L$9:$L$999"),INDIRECT(TEXT(AJ16,"MMM")&"!$B$9:$B$999"),AJ16)+SUMIFS(Abwesenheit!$J$3:$J$199,Abwesenheit!$D$3:$D$199,AJ16)) -> 0 | AL16: =IF($B16>DAY(EOMONTH(AJ$4,0)),"",IF(OR(AJ16<IF(YEAR(Eintritt)<Jahr,DATE(Jahr,1,1),Eintritt),AJ16>IF(Austritt="",DATE(Jahr,12,31),Austritt)),0,VLOOKUP(TEXT(AJ16,"TTT"),Stammdaten!$B$20:$F$26,5,FALSE)-IF(ISERROR(VLOOKUP(AJ16,Stammdaten!$I$9:$J$26,2,FALSE)),0,SUMIFS(Stammdaten!$J$9:$J$26,Stammdaten!$I$9:$I$26,AJ16)/24))) -> 0 | AM16: 12
... B35: 31 | C35: =DATE(Jahr,MONTH(C$4),$B35) -> 45688 | D35: =IF($B35>DAY(EOMONTH(C$4,0)),"",SUMIFS(INDIRECT(TEXT(C35,"MMM")&"!$L$9:$L$999"),INDIRECT(TEXT(C35,"MMM")&"!$B$9:$B$999"),C35)+SUMIFS(Abwesenheit!$J$3:$J$199,Abwesenheit!$D$3:$D$199,C35)) -> 0 | E35: =IF($B35>DAY(EOMONTH(C$4,0)),"",IF(OR(C35<IF(YEAR(Eintritt)<Jahr,DATE(Jahr,1,1),Eintritt),C35>IF(Austritt="",DATE(Jahr,12,31),Austritt)),0,IF(OR(ISERROR(VLOOKUP(C35,Stammdaten!$I$9:$J$26,2,FALSE)),SUMIFS(Stammdaten!$J$9:$J$26,Stammdaten!$I$9:$I$26,C35)=0),VLOOKUP(TEXT(C35,"TTT"),Stammdaten!$B$20:$F$26,5,FALSE),0))) -> 0 | F35: =DATE(Jahr,MONTH(F$4),$B35) -> 45719 | G35: =IF($B35>DAY(EOMONTH(F$4,0)),"",SUMIFS(INDIRECT(TEXT(F35,"MMM")&"!$L$9:$L$999"),INDIRECT(TEXT(F35,"MMM")&"!$B$9:$B$999"),F35)+SUMIFS(Abwesenheit!$J$3:$J$199,Abwesenheit!$D$3:$D$199,F35)) | H35: =IF($B35>DAY(EOMONTH(F$4,0)),"",IF(OR(F35<IF(YEAR(Eintritt)<Jahr,DATE(Jahr,1,1),Eintritt),F35>IF(Austritt="",DATE(Jahr,12,31),Austritt)),0,IF(OR(ISERROR(VLOOKUP(F35,Stammdaten!$I$9:$J$26,2,FALSE)),SUMIFS(Stammdaten!$J$9:$J$26,Stammdaten!$I$9:$I$26,F35)=0),VLOOKUP(TEXT(F35,"TTT"),Stammdaten!$B$20:$F$26,5,FALSE),0))) | I35: =DATE(Jahr,MONTH(I$4),$B35) -> 45747 | J35: =IF($B35>DAY(EOMONTH(I$4,0)),"",SUMIFS(INDIRECT(TEXT(I35,"MMM")&"!$L$9:$L$999"),INDIRECT(TEXT(I35,"MMM")&"!$B$9:$B$999"),I35)+SUMIFS(Abwesenheit!$J$3:$J$199,Abwesenheit!$D$3:$D$199,I35)) -> 0 | K35: =IF($B35>DAY(EOMONTH(I$4,0)),"",IF(OR(I35<IF(YEAR(Eintritt)<Jahr,DATE(Jahr,1,1),Eintritt),I35>IF(Austritt="",DATE(Jahr,12,31),Austritt)),0,IF(OR(ISERROR(VLOOKUP(I35,Stammdaten!$I$9:$J$26,2,FALSE)),SUMIFS(Stammdaten!$J$9:$J$26,Stammdaten!$I$9:$I$26,I35)=0),VLOOKUP(TEXT(I35,"TTT"),Stammdaten!$B$20:$F$26,5,FALSE),0))) -> 0 | L35: =DATE(Jahr,MONTH(L$4),$B35) -> 45778 | M35: =IF($B35>DAY(EOMONTH(L$4,0)),"",SUMIFS(INDIRECT(TEXT(L35,"MMM")&"!$L$9:$L$999"),INDIRECT(TEXT(L35,"MMM")&"!$B$9:$B$999"),L35)+SUMIFS(Abwesenheit!$J$3:$J$199,Abwesenheit!$D$3:$D$199,L35)) | N35: =IF($B35>DAY(EOMONTH(L$4,0)),"",IF(OR(L35<IF(YEAR(Eintritt)<Jahr,DATE(Jahr,1,1),Eintritt),L35>IF(Austritt="",DATE(Jahr,12,31),Austritt)),0,IF(OR(ISERROR(VLOOKUP(L35,Stammdaten!$I$9:$J$26,2,FALSE)),SUMIFS(Stammdaten!$J$9:$J$26,Stammdaten!$I$9:$I$26,L35)=0),VLOOKUP(TEXT(L35,"TTT"),Stammdaten!$B$20:$F$26,5,FALSE),0))) | O35: =DATE(Jahr,MONTH(O$4),$B35) -> 45808 | P35: =IF($B35>DAY(EOMONTH(O$4,0)),"",SUMIFS(INDIRECT(TEXT(O35,"MMM")&"!$L$9:$L$999"),INDIRECT(TEXT(O35,"MMM")&"!$B$9:$B$999"),O35)+SUMIFS(Abwesenheit!$J$3:$J$199,Abwesenheit!$D$3:$D$199,O35)) -> 0 | Q35: =IF($B35>DAY(EOMONTH(O$4,0)),"",IF(OR(O35<IF(YEAR(Eintritt)<Jahr,DATE(Jahr,1,1),Eintritt),O35>IF(Austritt="",DATE(Jahr,12,31),Austritt)),0,IF(OR(ISERROR(VLOOKUP(O35,Stammdaten!$I$9:$J$26,2,FALSE)),SUMIFS(Stammdaten!$J$9:$J$26,Stammdaten!$I$9:$I$26,O35)=0),VLOOKUP(TEXT(O35,"TTT"),Stammdaten!$B$20:$F$26,5,FALSE),0))) -> 0 | R35: =DATE(Jahr,MONTH(R$4),$B35) -> 45839 | S35: =IF($B35>DAY(EOMONTH(R$4,0)),"",SUMIFS(INDIRECT(TEXT(R35,"MMM")&"!$L$9:$L$999"),INDIRECT(TEXT(R35,"MMM")&"!$B$9:$B$999"),R35)+SUMIFS(Abwesenheit!$J$3:$J$199,Abwesenheit!$D$3:$D$199,R35)) | T35: =IF($B35>DAY(EOMONTH(R$4,0)),"",IF(OR(R35<IF(YEAR(Eintritt)<Jahr,DATE(Jahr,1,1),Eintritt),R35>IF(Austritt="",DATE(Jahr,12,31),Austritt)),0,IF(OR(ISERROR(VLOOKUP(R35,Stammdaten!$I$9:$J$26,2,FALSE)),SUMIFS(Stammdaten!$J$9:$J$26,Stammdaten!$I$9:$I$26,R35)=0),VLOOKUP(TEXT(R35,"TTT"),Stammdaten!$B$20:$F$26,5,FALSE),0))) | U35: =DATE(Jahr,MONTH(U$4),$B35) -> 45869 | V35: =IF($B35>DAY(EOMONTH(U$4,0)),"",SUMIFS(INDIRECT(TEXT(U35,"MMM")&"!$L$9:$L$999"),INDIRECT(TEXT(U35,"MMM")&"!$B$9:$B$999"),U35)+SUMIFS(Abwesenheit!$J$3:$J$199,Abwesenheit!$D$3:$D$199,U35)) -> 0 | W35: =IF($B35>DAY(EOMONTH(U$4,0)),"",IF(OR(U35<IF(YEAR(Eintritt)<Jahr,DATE(Jahr,1,1),Eintritt),U35>IF(Austritt="",DATE(Jahr,12,31),Austritt)),0,IF(OR(ISERROR(VLOOKUP(U35,Stammdaten!$I$9:$J$26,2,FALSE)),SUMIFS(Stammdaten!$J$9:$J$26,Stammdaten!$I$9:$I$26,U35)=0),VLOOKUP(TEXT(U35,"TTT"),Stammdaten!$B$20:$F$26,5,FALSE),0))) -> 0.33333333 | X35: =DATE(Jahr,MONTH(X$4),$B35) -> 45900 | Y35: =IF($B35>DAY(EOMONTH(X$4,0)),"",SUMIFS(INDIRECT(TEXT(X35,"MMM")&"!$L$9:$L$999"),INDIRECT(TEXT(X35,"MMM")&"!$B$9:$B$999"),X35)+SUMIFS(Abwesenheit!$J$3:$J$199,Abwesenheit!$D$3:$D$199,X35)) -> 0 | Z35: =IF($B35>DAY(EOMONTH(X$4,0)),"",IF(OR(X35<IF(YEAR(Eintritt)<Jahr,DATE(Jahr,1,1),Eintritt),X35>IF(Austritt="",DATE(Jahr,12,31),Austritt)),0,IF(OR(ISERROR(VLOOKUP(X35,Stammdaten!$I$9:$J$26,2,FALSE)),SUMIFS(Stammdaten!$J$9:$J$26,Stammdaten!$I$9:$I$26,X35)=0),VLOOKUP(TEXT(X35,"TTT"),Stammdaten!$B$20:$F$26,5,FALSE),0))) -> 0 | AA35: =DATE(Jahr,MONTH(AA$4),$B35) -> 45931 | AB35: =IF($B35>DAY(EOMONTH(AA$4,0)),"",SUMIFS(INDIRECT(TEXT(AA35,"MMM")&"!$L$9:$L$999"),INDIRECT(TEXT(AA35,"MMM")&"!$B$9:$B$999"),AA35)+SUMIFS(Abwesenheit!$J$3:$J$199,Abwesenheit!$D$3:$D$199,AA35)) | AC35: =IF($B35>DAY(EOMONTH(AA$4,0)),"",IF(OR(AA35<IF(YEAR(Eintritt)<Jahr,DATE(Jahr,1,1),Eintritt),AA35>IF(Austritt="",DATE(Jahr,12,31),Austritt)),0,IF(OR(ISERROR(VLOOKUP(AA35,Stammdaten!$I$9:$J$26,2,FALSE)),SUMIFS(Stammdaten!$J$9:$J$26,Stammdaten!$I$9:$I$26,AA35)=0),VLOOKUP(TEXT(AA35,"TTT"),Stammdaten!$B$20:$F$26,5,FALSE),0))) | AD35: =DATE(Jahr,MONTH(AD$4),$B35) -> 45961 | AE35: =IF($B35>DAY(EOMONTH(AD$4,0)),"",SUMIFS(INDIRECT(TEXT(AD35,"MMM")&"!$L$9:$L$999"),INDIRECT(TEXT(AD35,"MMM")&"!$B$9:$B$999"),AD35)+SUMIFS(Abwesenheit!$J$3:$J$199,Abwesenheit!$D$3:$D$199,AD35)) -> 0 | AF35: =IF($B35>DAY(EOMONTH(AD$4,0)),"",IF(OR(AD35<IF(YEAR(Eintritt)<Jahr,DATE(Jahr,1,1),Eintritt),AD35>IF(Austritt="",DATE(Jahr,12,31),Austritt)),0,IF(OR(ISERROR(VLOOKUP(AD35,Stammdaten!$I$9:$J$26,2,FALSE)),SUMIFS(Stammdaten!$J$9:$J$26,Stammdaten!$I$9:$I$26,AD35)=0),VLOOKUP(TEXT(AD35,"TTT"),Stammdaten!$B$20:$F$26,5,FALSE),0))) -> 0 | AG35: =DATE(Jahr,MONTH(AG$4),$B35) -> 45992 | AH35: =IF($B35>DAY(EOMONTH(AG$4,0)),"",SUMIFS(INDIRECT(TEXT(AG35,"MMM")&"!$L$9:$L$999"),INDIRECT(TEXT(AG35,"MMM")&"!$B$9:$B$999"),AG35)+SUMIFS(Abwesenheit!$J$3:$J$199,Abwesenheit!$D$3:$D$199,AG35)) | AI35: =IF($B35>DAY(EOMONTH(AG$4,0)),"",IF(OR(AG35<IF(YEAR(Eintritt)<Jahr,DATE(Jahr,1,1),Eintritt),AG35>IF(Austritt="",DATE(Jahr,12,31),Austritt)),0,IF(OR(ISERROR(VLOOKUP(AG35,Stammdaten!$I$9:$J$26,2,FALSE)),SUMIFS(Stammdaten!$J$9:$J$26,Stammdaten!$I$9:$I$26,AG35)=0),VLOOKUP(TEXT(AG35,"TTT"),Stammdaten!$B$20:$F$26,5,FALSE),0))) | AJ35: =DATE(Jahr,MONTH(AJ$4),$B35) -> 46022 | AK35: =IF($B35>DAY(EOMONTH(AJ$4,0)),"",SUMIFS(INDIRECT(TEXT(AJ35,"MMM")&"!$L$9:$L$999"),INDIRECT(TEXT(AJ35,"MMM")&"!$B$9:$B$999"),AJ35)+SUMIFS(Abwesenheit!$J$3:$J$199,Abwesenheit!$D$3:$D$199,AJ35)) -> 0 | AL35: =IF($B35>DAY(EOMONTH(AJ$4,0)),"",IF(OR(AJ35<IF(YEAR(Eintritt)<Jahr,DATE(Jahr,1,1),Eintritt),AJ35>IF(Austritt="",DATE(Jahr,12,31),Austritt)),0,VLOOKUP(TEXT(AJ35,"TTT"),Stammdaten!$B$20:$F$26,5,FALSE)-IF(ISERROR(VLOOKUP(AJ35,Stammdaten!$I$9:$J$26,2,FALSE)),0,SUMIFS(Stammdaten!$J$9:$J$26,Stammdaten!$I$9:$I$26,AJ35)/24))) -> 0 | AM35: 31
B37: IST | C37: =SUM(D5:D35)*24 -> 0 | E37: h | F37: =SUM(G5:G35)*24 -> 0 | H37: h | I37: =SUM(J5:J35)*24 -> 0 | K37: h | L37: =SUM(M5:M35)*24 -> 0 | N37: h | O37: =SUM(P5:P35)*24 -> 0 | Q37: h | R37: =SUM(S5:S35)*24 -> 0 | T37: h | U37: =SUM(V5:V35)*24 -> 17 | W37: h | X37: =SUM(Y5:Y35)*24 -> 0 | Z37: h | AA37: =SUM(AB5:AB35)*24 -> 0 | AC37: h | AD37: =SUM(AE5:AE35)*24 -> 0 | AF37: h | AG37: =SUM(AH5:AH35)*24 -> 0 | AI37: h | AJ37: =SUM(AK5:AK35)*24 -> 0 | AL37: h | AM37: =SUM(C37:AL37) -> 17
B39: SOLL | C39: =SUM(E5:E35)*24 -> 0 | E39: h | F39: =SUM(H5:H35)*24 -> 0 | H39: h | I39: =SUM(K5:K35)*24 -> 0 | K39: h | L39: =SUM(N5:N35)*24 -> 0 | N39: h | O39: =SUM(Q5:Q35)*24 -> 0 | Q39: h | R39: =SUM(T5:T35)*24 -> 0 | T39: h | U39: =SUM(W5:W35)*24 -> 152 | W39: h | X39: =SUM(Z5:Z35)*24 -> 8 | Z39: h | AA39: =SUM(AC5:AC35)*24 -> 0 | AC39: h | AD39: =SUM(AF5:AF35)*24 -> 0 | AF39: h | AG39: =SUM(AI5:AI35)*24 -> 0 | AI39: h | AJ39: =SUM(AL5:AL35)*24 -> 0 | AL39: h | AM39: =SUM(C39:AL39) -> 160
B41: SALDO | C41: =C37-C39 -> 0 | E41: h | F41: =F37-F39 -> 0 | H41: h | I41: =I37-I39 -> 0 | K41: h | L41: =L37-L39 -> 0 | N41: h | O41: =O37-O39 -> 0 | Q41: h | R41: =R37-R39 -> 0 | T41: h | U41: =U37-U39 -> -135 | W41: h | X41: =X37-X39 -> -8 | Z41: h | AA41: =AA37-AA39 -> 0 | AC41: h | AD41: =AD37-AD39 -> 0 | AF41: h | AG41: =AG37-AG39 -> 0 | AI41: h | AJ41: =AJ37-AJ39 -> 0 | AL41: h | AM41: =SUM(C41:AL41) -> -143
B43: ARBEIT | C43: =SUM(INDIRECT(TEXT(C$4,"MMM")&"!$L$9:$L$999"))*24 -> 0 | E43: h | F43: =SUM(INDIRECT(TEXT(F$4,"MMM")&"!$L$9:$L$999"))*24 -> 0 | H43: h | I43: =SUM(INDIRECT(TEXT(I$4,"MMM")&"!$L$9:$L$999"))*24 -> 0 | K43: h | L43: =SUM(INDIRECT(TEXT(L$4,"MMM")&"!$L$9:$L$999"))*24 -> 0 | N43: h | O43: =SUM(INDIRECT(TEXT(O$4,"MMM")&"!$L$9:$L$999"))*24 -> 0 | Q43: h | R43: =SUM(INDIRECT(TEXT(R$4,"MMM")&"!$L$9:$L$999"))*24 -> 0 | T43: h | U43: =SUM(INDIRECT(TEXT(U$4,"MMM")&"!$L$9:$L$999"))*24 -> 17 | W43: h | X43: =SUM(INDIRECT(TEXT(X$4,"MMM")&"!$L$9:$L$999"))*24 -> 0 | Z43: h | AA43: =SUM(INDIRECT(TEXT(AA$4,"MMM")&"!$L$9:$L$999"))*24 -> 0 | AC43: h | AD43: =SUM(INDIRECT(TEXT(AD$4,"MMM")&"!$L$9:$L$999"))*24 -> 0 | AF43: h | AG43: =SUM(INDIRECT(TEXT(AG$4,"MMM")&"!$L$9:$L$999"))*24 -> 0 | AI43: h | AJ43: =SUM(INDIRECT(TEXT(AJ$4,"MMM")&"!$L$9:$L$999"))*24 -> 0 | AL43: h | AM43: =SUM(C43:AL43) -> 17
B45: ABWESENHEIT | C45: =C37-C43 -> 0 | F45: =F37-F43 -> 0 | I45: =I37-I43 -> 0 | L45: =L37-L43 -> 0 | O45: =O37-O43 -> 0 | R45: =R37-R43 -> 0 | U45: =U37-U43 -> 0 | X45: =X37-X43 -> 0 | AA45: =AA37-AA43 -> 0 | AD45: =AD37-AD43 -> 0 | AG45: =AG37-AG43 -> 0 | AJ45: =AJ37-AJ43 -> 0 | AM45: =SUM(C45:AL45) -> 0
B46: URLAUB | C46: =SUMIFS(Abwesenheit!$J$2:$J$997,Abwesenheit!$E$2:$E$997,"Urlaub",Abwesenheit!$D$2:$D$997,">="&TEXT(C$4,"TT.MM.JJJJ"),Abwesenheit!$D$2:$D$997,"<="&TEXT(EOMONTH(C$4,0),"TT.MM.JJJJ"))*24 -> 0 | F46: =SUMIFS(Abwesenheit!$J$2:$J$997,Abwesenheit!$E$2:$E$997,"Urlaub",Abwesenheit!$D$2:$D$997,">="&TEXT(F$4,"TT.MM.JJJJ"),Abwesenheit!$D$2:$D$997,"<="&TEXT(EOMONTH(F$4,0),"TT.MM.JJJJ"))*24 -> 0 | I46: =SUMIFS(Abwesenheit!$J$2:$J$997,Abwesenheit!$E$2:$E$997,"Urlaub",Abwesenheit!$D$2:$D$997,">="&TEXT(I$4,"TT.MM.JJJJ"),Abwesenheit!$D$2:$D$997,"<="&TEXT(EOMONTH(I$4,0),"TT.MM.JJJJ"))*24 -> 0 | L46: =SUMIFS(Abwesenheit!$J$2:$J$997,Abwesenheit!$E$2:$E$997,"Urlaub",Abwesenheit!$D$2:$D$997,">="&TEXT(L$4,"TT.MM.JJJJ"),Abwesenheit!$D$2:$D$997,"<="&TEXT(EOMONTH(L$4,0),"TT.MM.JJJJ"))*24 -> 0 | O46: =SUMIFS(Abwesenheit!$J$2:$J$997,Abwesenheit!$E$2:$E$997,"Urlaub",Abwesenheit!$D$2:$D$997,">="&TEXT(O$4,"TT.MM.JJJJ"),Abwesenheit!$D$2:$D$997,"<="&TEXT(EOMONTH(O$4,0),"TT.MM.JJJJ"))*24 -> 0 | R46: =SUMIFS(Abwesenheit!$J$2:$J$997,Abwesenheit!$E$2:$E$997,"Urlaub",Abwesenheit!$D$2:$D$997,">="&TEXT(R$4,"TT.MM.JJJJ"),Abwesenheit!$D$2:$D$997,"<="&TEXT(EOMONTH(R$4,0),"TT.MM.JJJJ"))*24 -> 0 | U46: =SUMIFS(Abwesenheit!$J$2:$J$997,Abwesenheit!$E$2:$E$997,"Urlaub",Abwesenheit!$D$2:$D$997,">="&TEXT(U$4,"TT.MM.JJJJ"),Abwesenheit!$D$2:$D$997,"<="&TEXT(EOMONTH(U$4,0),"TT.MM.JJJJ"))*24 -> 0 | X46: =SUMIFS(Abwesenheit!$J$2:$J$997,Abwesenheit!$E$2:$E$997,"Urlaub",Abwesenheit!$D$2:$D$997,">="&TEXT(X$4,"TT.MM.JJJJ"),Abwesenheit!$D$2:$D$997,"<="&TEXT(EOMONTH(X$4,0),"TT.MM.JJJJ"))*24 -> 0 | AA46: =SUMIFS(Abwesenheit!$J$2:$J$997,Abwesenheit!$E$2:$E$997,"Urlaub",Abwesenheit!$D$2:$D$997,">="&TEXT(AA$4,"TT.MM.JJJJ"),Abwesenheit!$D$2:$D$997,"<="&TEXT(EOMONTH(AA$4,0),"TT.MM.JJJJ"))*24 -> 0 | AD46: =SUMIFS(Abwesenheit!$J$2:$J$997,Abwesenheit!$E$2:$E$997,"Urlaub",Abwesenheit!$D$2:$D$997,">="&TEXT(AD$4,"TT.MM.JJJJ"),Abwesenheit!$D$2:$D$997,"<="&TEXT(EOMONTH(AD$4,0),"TT.MM.JJJJ"))*24 -> 0 | AG46: =SUMIFS(Abwesenheit!$J$2:$J$997,Abwesenheit!$E$2:$E$997,"Urlaub",Abwesenheit!$D$2:$D$997,">="&TEXT(AG$4,"TT.MM.JJJJ"),Abwesenheit!$D$2:$D$997,"<="&TEXT(EOMONTH(AG$4,0),"TT.MM.JJJJ"))*24 -> 0 | AJ46: =SUMIFS(Abwesenheit!$J$2:$J$997,Abwesenheit!$E$2:$E$997,"Urlaub",Abwesenheit!$D$2:$D$997,">="&TEXT(AJ$4,"TT.MM.JJJJ"),Abwesenheit!$D$2:$D$997,"<="&TEXT(EOMONTH(AJ$4,0),"TT.MM.JJJJ"))*24 -> 0 | AM46: =SUM(C46:AL46) -> 0
B47: PFLEGEURLAUB | C47: =SUMIFS(Abwesenheit!$J$2:$J$997,Abwesenheit!$E$2:$E$997,"Pflegeurlaub",Abwesenheit!$D$2:$D$997,">="&TEXT(C$4,"TT.MM.JJJJ"),Abwesenheit!$D$2:$D$997,"<="&TEXT(EOMONTH(C$4,0),"TT.MM.JJJJ"))*24 -> 0 | F47: =SUMIFS(Abwesenheit!$J$2:$J$997,Abwesenheit!$E$2:$E$997,"Pflegeurlaub",Abwesenheit!$D$2:$D$997,">="&TEXT(F$4,"TT.MM.JJJJ"),Abwesenheit!$D$2:$D$997,"<="&TEXT(EOMONTH(F$4,0),"TT.MM.JJJJ"))*24 -> 0 | I47: =SUMIFS(Abwesenheit!$J$2:$J$997,Abwesenheit!$E$2:$E$997,"Pflegeurlaub",Abwesenheit!$D$2:$D$997,">="&TEXT(I$4,"TT.MM.JJJJ"),Abwesenheit!$D$2:$D$997,"<="&TEXT(EOMONTH(I$4,0),"TT.MM.JJJJ"))*24 -> 0 | L47: =SUMIFS(Abwesenheit!$J$2:$J$997,Abwesenheit!$E$2:$E$997,"Pflegeurlaub",Abwesenheit!$D$2:$D$997,">="&TEXT(L$4,"TT.MM.JJJJ"),Abwesenheit!$D$2:$D$997,"<="&TEXT(EOMONTH(L$4,0),"TT.MM.JJJJ"))*24 -> 0 | O47: =SUMIFS(Abwesenheit!$J$2:$J$997,Abwesenheit!$E$2:$E$997,"Pflegeurlaub",Abwesenheit!$D$2:$D$997,">="&TEXT(O$4,"TT.MM.JJJJ"),Abwesenheit!$D$2:$D$997,"<="&TEXT(EOMONTH(O$4,0),"TT.MM.JJJJ"))*24 -> 0 | R47: =SUMIFS(Abwesenheit!$J$2:$J$997,Abwesenheit!$E$2:$E$997,"Pflegeurlaub",Abwesenheit!$D$2:$D$997,">="&TEXT(R$4,"TT.MM.JJJJ"),Abwesenheit!$D$2:$D$997,"<="&TEXT(EOMONTH(R$4,0),"TT.MM.JJJJ"))*24 -> 0 | U47: =SUMIFS(Abwesenheit!$J$2:$J$997,Abwesenheit!$E$2:$E$997,"Pflegeurlaub",Abwesenheit!$D$2:$D$997,">="&TEXT(U$4,"TT.MM.JJJJ"),Abwesenheit!$D$2:$D$997,"<="&TEXT(EOMONTH(U$4,0),"TT.MM.JJJJ"))*24 -> 0 | X47: =SUMIFS(Abwesenheit!$J$2:$J$997,Abwesenheit!$E$2:$E$997,"Pflegeurlaub",Abwesenheit!$D$2:$D$997,">="&TEXT(X$4,"TT.MM.JJJJ"),Abwesenheit!$D$2:$D$997,"<="&TEXT(EOMONTH(X$4,0),"TT.MM.JJJJ"))*24 -> 0 | AA47: =SUMIFS(Abwesenheit!$J$2:$J$997,Abwesenheit!$E$2:$E$997,"Pflegeurlaub",Abwesenheit!$D$2:$D$997,">="&TEXT(AA$4,"TT.MM.JJJJ"),Abwesenheit!$D$2:$D$997,"<="&TEXT(EOMONTH(AA$4,0),"TT.MM.JJJJ"))*24 -> 0 | AD47: =SUMIFS(Abwesenheit!$J$2:$J$997,Abwesenheit!$E$2:$E$997,"Pflegeurlaub",Abwesenheit!$D$2:$D$997,">="&TEXT(AD$4,"TT.MM.JJJJ"),Abwesenheit!$D$2:$D$997,"<="&TEXT(EOMONTH(AD$4,0),"TT.MM.JJJJ"))*24 -> 0 | AG47: =SUMIFS(Abwesenheit!$J$2:$J$997,Abwesenheit!$E$2:$E$997,"Pflegeurlaub",Abwesenheit!$D$2:$D$997,">="&TEXT(AG$4,"TT.MM.JJJJ"),Abwesenheit!$D$2:$D$997,"<="&TEXT(EOMONTH(AG$4,0),"TT.MM.JJJJ"))*24 -> 0 | AJ47: =SUMIFS(Abwesenheit!$J$2:$J$997,Abwesenheit!$E$2:$E$997,"Pflegeurlaub",Abwesenheit!$D$2:$D$997,">="&TEXT(AJ$4,"TT.MM.JJJJ"),Abwesenheit!$D$2:$D$997,"<="&TEXT(EOMONTH(AJ$4,0),"TT.MM.JJJJ"))*24 -> 0 | AM47: =SUM(C47:AL47) -> 0
B48: KRANKENSTAND | C48: =SUMIFS(Abwesenheit!$J$2:$J$997,Abwesenheit!$E$2:$E$997,"Krankenstand",Abwesenheit!$D$2:$D$997,">="&TEXT(C$4,"TT.MM.JJJJ"),Abwesenheit!$D$2:$D$997,"<="&TEXT(EOMONTH(C$4,0),"TT.MM.JJJJ"))*24 -> 0 | F48: =SUMIFS(Abwesenheit!$J$2:$J$997,Abwesenheit!$E$2:$E$997,"Krankenstand",Abwesenheit!$D$2:$D$997,">="&TEXT(F$4,"TT.MM.JJJJ"),Abwesenheit!$D$2:$D$997,"<="&TEXT(EOMONTH(F$4,0),"TT.MM.JJJJ"))*24 -> 0 | I48: =SUMIFS(Abwesenheit!$J$2:$J$997,Abwesenheit!$E$2:$E$997,"Krankenstand",Abwesenheit!$D$2:$D$997,">="&TEXT(I$4,"TT.MM.JJJJ"),Abwesenheit!$D$2:$D$997,"<="&TEXT(EOMONTH(I$4,0),"TT.MM.JJJJ"))*24 -> 0 | L48: =SUMIFS(Abwesenheit!$J$2:$J$997,Abwesenheit!$E$2:$E$997,"Krankenstand",Abwesenheit!$D$2:$D$997,">="&TEXT(L$4,"TT.MM.JJJJ"),Abwesenheit!$D$2:$D$997,"<="&TEXT(EOMONTH(L$4,0),"TT.MM.JJJJ"))*24 -> 0 | O48: =SUMIFS(Abwesenheit!$J$2:$J$997,Abwesenheit!$E$2:$E$997,"Krankenstand",Abwesenheit!$D$2:$D$997,">="&TEXT(O$4,"TT.MM.JJJJ"),Abwesenheit!$D$2:$D$997,"<="&TEXT(EOMONTH(O$4,0),"TT.MM.JJJJ"))*24 -> 0 | R48: =SUMIFS(Abwesenheit!$J$2:$J$997,Abwesenheit!$E$2:$E$997,"Krankenstand",Abwesenheit!$D$2:$D$997,">="&TEXT(R$4,"TT.MM.JJJJ"),Abwesenheit!$D$2:$D$997,"<="&TEXT(EOMONTH(R$4,0),"TT.MM.JJJJ"))*24 -> 0 | U48: =SUMIFS(Abwesenheit!$J$2:$J$997,Abwesenheit!$E$2:$E$997,"Krankenstand",Abwesenheit!$D$2:$D$997,">="&TEXT(U$4,"TT.MM.JJJJ"),Abwesenheit!$D$2:$D$997,"<="&TEXT(EOMONTH(U$4,0),"TT.MM.JJJJ"))*24 -> 0 | X48: =SUMIFS(Abwesenheit!$J$2:$J$997,Abwesenheit!$E$2:$E$997,"Krankenstand",Abwesenheit!$D$2:$D$997,">="&TEXT(X$4,"TT.MM.JJJJ"),Abwesenheit!$D$2:$D$997,"<="&TEXT(EOMONTH(X$4,0),"TT.MM.JJJJ"))*24 -> 0 | AA48: =SUMIFS(Abwesenheit!$J$2:$J$997,Abwesenheit!$E$2:$E$997,"Krankenstand",Abwesenheit!$D$2:$D$997,">="&TEXT(AA$4,"TT.MM.JJJJ"),Abwesenheit!$D$2:$D$997,"<="&TEXT(EOMONTH(AA$4,0),"TT.MM.JJJJ"))*24 -> 0 | AD48: =SUMIFS(Abwesenheit!$J$2:$J$997,Abwesenheit!$E$2:$E$997,"Krankenstand",Abwesenheit!$D$2:$D$997,">="&TEXT(AD$4,"TT.MM.JJJJ"),Abwesenheit!$D$2:$D$997,"<="&TEXT(EOMONTH(AD$4,0),"TT.MM.JJJJ"))*24 -> 0 | AG48: =SUMIFS(Abwesenheit!$J$2:$J$997,Abwesenheit!$E$2:$E$997,"Krankenstand",Abwesenheit!$D$2:$D$997,">="&TEXT(AG$4,"TT.MM.JJJJ"),Abwesenheit!$D$2:$D$997,"<="&TEXT(EOMONTH(AG$4,0),"TT.MM.JJJJ"))*24 -> 0 | AJ48: =SUMIFS(Abwesenheit!$J$2:$J$997,Abwesenheit!$E$2:$E$997,"Krankenstand",Abwesenheit!$D$2:$D$997,">="&TEXT(AJ$4,"TT.MM.JJJJ"),Abwesenheit!$D$2:$D$997,"<="&TEXT(EOMONTH(AJ$4,0),"TT.MM.JJJJ"))*24 -> 0 | AM48: =SUM(C48:AL48) -> 0
B49: ARZTBESUCH | C49: =SUMIFS(Abwesenheit!$J$2:$J$997,Abwesenheit!$E$2:$E$997,"Arztbesuch",Abwesenheit!$D$2:$D$997,">="&TEXT(C$4,"TT.MM.JJJJ"),Abwesenheit!$D$2:$D$997,"<="&TEXT(EOMONTH(C$4,0),"TT.MM.JJJJ"))*24 -> 0 | F49: =SUMIFS(Abwesenheit!$J$2:$J$997,Abwesenheit!$E$2:$E$997,"Arztbesuch",Abwesenheit!$D$2:$D$997,">="&TEXT(F$4,"TT.MM.JJJJ"),Abwesenheit!$D$2:$D$997,"<="&TEXT(EOMONTH(F$4,0),"TT.MM.JJJJ"))*24 -> 0 | I49: =SUMIFS(Abwesenheit!$J$2:$J$997,Abwesenheit!$E$2:$E$997,"Arztbesuch",Abwesenheit!$D$2:$D$997,">="&TEXT(I$4,"TT.MM.JJJJ"),Abwesenheit!$D$2:$D$997,"<="&TEXT(EOMONTH(I$4,0),"TT.MM.JJJJ"))*24 -> 0 | L49: =SUMIFS(Abwesenheit!$J$2:$J$997,Abwesenheit!$E$2:$E$997,"Arztbesuch",Abwesenheit!$D$2:$D$997,">="&TEXT(L$4,"TT.MM.JJJJ"),Abwesenheit!$D$2:$D$997,"<="&TEXT(EOMONTH(L$4,0),"TT.MM.JJJJ"))*24 -> 0 | O49: =SUMIFS(Abwesenheit!$J$2:$J$997,Abwesenheit!$E$2:$E$997,"Arztbesuch",Abwesenheit!$D$2:$D$997,">="&TEXT(O$4,"TT.MM.JJJJ"),Abwesenheit!$D$2:$D$997,"<="&TEXT(EOMONTH(O$4,0),"TT.MM.JJJJ"))*24 -> 0 | R49: =SUMIFS(Abwesenheit!$J$2:$J$997,Abwesenheit!$E$2:$E$997,"Arztbesuch",Abwesenheit!$D$2:$D$997,">="&TEXT(R$4,"TT.MM.JJJJ"),Abwesenheit!$D$2:$D$997,"<="&TEXT(EOMONTH(R$4,0),"TT.MM.JJJJ"))*24 -> 0 | U49: =SUMIFS(Abwesenheit!$J$2:$J$997,Abwesenheit!$E$2:$E$997,"Arztbesuch",Abwesenheit!$D$2:$D$997,">="&TEXT(U$4,"TT.MM.JJJJ"),Abwesenheit!$D$2:$D$997,"<="&TEXT(EOMONTH(U$4,0),"TT.MM.JJJJ"))*24 -> 0 | X49: =SUMIFS(Abwesenheit!$J$2:$J$997,Abwesenheit!$E$2:$E$997,"Arztbesuch",Abwesenheit!$D$2:$D$997,">="&TEXT(X$4,"TT.MM.JJJJ"),Abwesenheit!$D$2:$D$997,"<="&TEXT(EOMONTH(X$4,0),"TT.MM.JJJJ"))*24 -> 0 | AA49: =SUMIFS(Abwesenheit!$J$2:$J$997,Abwesenheit!$E$2:$E$997,"Arztbesuch",Abwesenheit!$D$2:$D$997,">="&TEXT(AA$4,"TT.MM.JJJJ"),Abwesenheit!$D$2:$D$997,"<="&TEXT(EOMONTH(AA$4,0),"TT.MM.JJJJ"))*24 -> 0 | AD49: =SUMIFS(Abwesenheit!$J$2:$J$997,Abwesenheit!$E$2:$E$997,"Arztbesuch",Abwesenheit!$D$2:$D$997,">="&TEXT(AD$4,"TT.MM.JJJJ"),Abwesenheit!$D$2:$D$997,"<="&TEXT(EOMONTH(AD$4,0),"TT.MM.JJJJ"))*24 -> 0 | AG49: =SUMIFS(Abwesenheit!$J$2:$J$997,Abwesenheit!$E$2:$E$997,"Arztbesuch",Abwesenheit!$D$2:$D$997,">="&TEXT(AG$4,"TT.MM.JJJJ"),Abwesenheit!$D$2:$D$997,"<="&TEXT(EOMONTH(AG$4,0),"TT.MM.JJJJ"))*24 -> 0 | AJ49: =SUMIFS(Abwesenheit!$J$2:$J$997,Abwesenheit!$E$2:$E$997,"Arztbesuch",Abwesenheit!$D$2:$D$997,">="&TEXT(AJ$4,"TT.MM.JJJJ"),Abwesenheit!$D$2:$D$997,"<="&TEXT(EOMONTH(AJ$4,0),"TT.MM.JJJJ"))*24 -> 0 | AM49: =SUM(C49:AL49) -> 0
B50: ZAHNARZT | C50: =SUMIFS(Abwesenheit!$J$2:$J$997,Abwesenheit!$E$2:$E$997,"Zahnarzt",Abwesenheit!$D$2:$D$997,">="&TEXT(C$4,"TT.MM.JJJJ"),Abwesenheit!$D$2:$D$997,"<="&TEXT(EOMONTH(C$4,0),"TT.MM.JJJJ"))*24 -> 0 | F50: =SUMIFS(Abwesenheit!$J$2:$J$997,Abwesenheit!$E$2:$E$997,"Zahnarzt",Abwesenheit!$D$2:$D$997,">="&TEXT(F$4,"TT.MM.JJJJ"),Abwesenheit!$D$2:$D$997,"<="&TEXT(EOMONTH(F$4,0),"TT.MM.JJJJ"))*24 -> 0 | I50: =SUMIFS(Abwesenheit!$J$2:$J$997,Abwesenheit!$E$2:$E$997,"Zahnarzt",Abwesenheit!$D$2:$D$997,">="&TEXT(I$4,"TT.MM.JJJJ"),Abwesenheit!$D$2:$D$997,"<="&TEXT(EOMONTH(I$4,0),"TT.MM.JJJJ"))*24 -> 0 | L50: =SUMIFS(Abwesenheit!$J$2:$J$997,Abwesenheit!$E$2:$E$997,"Zahnarzt",Abwesenheit!$D$2:$D$997,">="&TEXT(L$4,"TT.MM.JJJJ"),Abwesenheit!$D$2:$D$997,"<="&TEXT(EOMONTH(L$4,0),"TT.MM.JJJJ"))*24 -> 0 | O50: =SUMIFS(Abwesenheit!$J$2:$J$997,Abwesenheit!$E$2:$E$997,"Zahnarzt",Abwesenheit!$D$2:$D$997,">="&TEXT(O$4,"TT.MM.JJJJ"),Abwesenheit!$D$2:$D$997,"<="&TEXT(EOMONTH(O$4,0),"TT.MM.JJJJ"))*24 -> 0 | R50: =SUMIFS(Abwesenheit!$J$2:$J$997,Abwesenheit!$E$2:$E$997,"Zahnarzt",Abwesenheit!$D$2:$D$997,">="&TEXT(R$4,"TT.MM.JJJJ"),Abwesenheit!$D$2:$D$997,"<="&TEXT(EOMONTH(R$4,0),"TT.MM.JJJJ"))*24 -> 0 | U50: =SUMIFS(Abwesenheit!$J$2:$J$997,Abwesenheit!$E$2:$E$997,"Zahnarzt",Abwesenheit!$D$2:$D$997,">="&TEXT(U$4,"TT.MM.JJJJ"),Abwesenheit!$D$2:$D$997,"<="&TEXT(EOMONTH(U$4,0),"TT.MM.JJJJ"))*24 -> 0 | X50: =SUMIFS(Abwesenheit!$J$2:$J$997,Abwesenheit!$E$2:$E$997,"Zahnarzt",Abwesenheit!$D$2:$D$997,">="&TEXT(X$4,"TT.MM.JJJJ"),Abwesenheit!$D$2:$D$997,"<="&TEXT(EOMONTH(X$4,0),"TT.MM.JJJJ"))*24 -> 0 | AA50: =SUMIFS(Abwesenheit!$J$2:$J$997,Abwesenheit!$E$2:$E$997,"Zahnarzt",Abwesenheit!$D$2:$D$997,">="&TEXT(AA$4,"TT.MM.JJJJ"),Abwesenheit!$D$2:$D$997,"<="&TEXT(EOMONTH(AA$4,0),"TT.MM.JJJJ"))*24 -> 0 | AD50: =SUMIFS(Abwesenheit!$J$2:$J$997,Abwesenheit!$E$2:$E$997,"Zahnarzt",Abwesenheit!$D$2:$D$997,">="&TEXT(AD$4,"TT.MM.JJJJ"),Abwesenheit!$D$2:$D$997,"<="&TEXT(EOMONTH(AD$4,0),"TT.MM.JJJJ"))*24 -> 0 | AG50: =SUMIFS(Abwesenheit!$J$2:$J$997,Abwesenheit!$E$2:$E$997,"Zahnarzt",Abwesenheit!$D$2:$D$997,">="&TEXT(AG$4,"TT.MM.JJJJ"),Abwesenheit!$D$2:$D$997,"<="&TEXT(EOMONTH(AG$4,0),"TT.MM.JJJJ"))*24 -> 0 | AJ50: =SUMIFS(Abwesenheit!$J$2:$J$997,Abwesenheit!$E$2:$E$997,"Zahnarzt",Abwesenheit!$D$2:$D$997,">="&TEXT(AJ$4,"TT.MM.JJJJ"),Abwesenheit!$D$2:$D$997,"<="&TEXT(EOMONTH(AJ$4,0),"TT.MM.JJJJ"))*24 -> 0 | AM50: =SUM(C50:AL50) -> 0
B51: UMZUG | C51: =SUMIFS(Abwesenheit!$J$2:$J$997,Abwesenheit!$E$2:$E$997,"Umzug",Abwesenheit!$D$2:$D$997,">="&TEXT(C$4,"TT.MM.JJJJ"),Abwesenheit!$D$2:$D$997,"<="&TEXT(EOMONTH(C$4,0),"TT.MM.JJJJ"))*24 -> 0 | F51: =SUMIFS(Abwesenheit!$J$2:$J$997,Abwesenheit!$E$2:$E$997,"Umzug",Abwesenheit!$D$2:$D$997,">="&TEXT(F$4,"TT.MM.JJJJ"),Abwesenheit!$D$2:$D$997,"<="&TEXT(EOMONTH(F$4,0),"TT.MM.JJJJ"))*24 -> 0 | I51: =SUMIFS(Abwesenheit!$J$2:$J$997,Abwesenheit!$E$2:$E$997,"Umzug",Abwesenheit!$D$2:$D$997,">="&TEXT(I$4,"TT.MM.JJJJ"),Abwesenheit!$D$2:$D$997,"<="&TEXT(EOMONTH(I$4,0),"TT.MM.JJJJ"))*24 -> 0 | L51: =SUMIFS(Abwesenheit!$J$2:$J$997,Abwesenheit!$E$2:$E$997,"Umzug",Abwesenheit!$D$2:$D$997,">="&TEXT(L$4,"TT.MM.JJJJ"),Abwesenheit!$D$2:$D$997,"<="&TEXT(EOMONTH(L$4,0),"TT.MM.JJJJ"))*24 -> 0 | O51: =SUMIFS(Abwesenheit!$J$2:$J$997,Abwesenheit!$E$2:$E$997,"Umzug",Abwesenheit!$D$2:$D$997,">="&TEXT(O$4,"TT.MM.JJJJ"),Abwesenheit!$D$2:$D$997,"<="&TEXT(EOMONTH(O$4,0),"TT.MM.JJJJ"))*24 -> 0 | R51: =SUMIFS(Abwesenheit!$J$2:$J$997,Abwesenheit!$E$2:$E$997,"Umzug",Abwesenheit!$D$2:$D$997,">="&TEXT(R$4,"TT.MM.JJJJ"),Abwesenheit!$D$2:$D$997,"<="&TEXT(EOMONTH(R$4,0),"TT.MM.JJJJ"))*24 -> 0 | U51: =SUMIFS(Abwesenheit!$J$2:$J$997,Abwesenheit!$E$2:$E$997,"Umzug",Abwesenheit!$D$2:$D$997,">="&TEXT(U$4,"TT.MM.JJJJ"),Abwesenheit!$D$2:$D$997,"<="&TEXT(EOMONTH(U$4,0),"TT.MM.JJJJ"))*24 -> 0 | X51: =SUMIFS(Abwesenheit!$J$2:$J$997,Abwesenheit!$E$2:$E$997,"Umzug",Abwesenheit!$D$2:$D$997,">="&TEXT(X$4,"TT.MM.JJJJ"),Abwesenheit!$D$2:$D$997,"<="&TEXT(EOMONTH(X$4,0),"TT.MM.JJJJ"))*24 -> 0 | AA51: =SUMIFS(Abwesenheit!$J$2:$J$997,Abwesenheit!$E$2:$E$997,"Umzug",Abwesenheit!$D$2:$D$997,">="&TEXT(AA$4,"TT.MM.JJJJ"),Abwesenheit!$D$2:$D$997,"<="&TEXT(EOMONTH(AA$4,0),"TT.MM.JJJJ"))*24 -> 0 | AD51: =SUMIFS(Abwesenheit!$J$2:$J$997,Abwesenheit!$E$2:$E$997,"Umzug",Abwesenheit!$D$2:$D$997,">="&TEXT(AD$4,"TT.MM.JJJJ"),Abwesenheit!$D$2:$D$997,"<="&TEXT(EOMONTH(AD$4,0),"TT.MM.JJJJ"))*24 -> 0 | AG51: =SUMIFS(Abwesenheit!$J$2:$J$997,Abwesenheit!$E$2:$E$997,"Umzug",Abwesenheit!$D$2:$D$997,">="&TEXT(AG$4,"TT.MM.JJJJ"),Abwesenheit!$D$2:$D$997,"<="&TEXT(EOMONTH(AG$4,0),"TT.MM.JJJJ"))*24 -> 0 | AJ51: =SUMIFS(Abwesenheit!$J$2:$J$997,Abwesenheit!$E$2:$E$997,"Umzug",Abwesenheit!$D$2:$D$997,">="&TEXT(AJ$4,"TT.MM.JJJJ"),Abwesenheit!$D$2:$D$997,"<="&TEXT(EOMONTH(AJ$4,0),"TT.MM.JJJJ"))*24 -> 0 | AM51: =SUM(C51:AL51) -> 0
B52: HOCHZEIT | C52: =SUMIFS(Abwesenheit!$J$2:$J$997,Abwesenheit!$E$2:$E$997,"Hochzeit",Abwesenheit!$D$2:$D$997,">="&TEXT(C$4,"TT.MM.JJJJ"),Abwesenheit!$D$2:$D$997,"<="&TEXT(EOMONTH(C$4,0),"TT.MM.JJJJ"))*24 -> 0 | F52: =SUMIFS(Abwesenheit!$J$2:$J$997,Abwesenheit!$E$2:$E$997,"Hochzeit",Abwesenheit!$D$2:$D$997,">="&TEXT(F$4,"TT.MM.JJJJ"),Abwesenheit!$D$2:$D$997,"<="&TEXT(EOMONTH(F$4,0),"TT.MM.JJJJ"))*24 -> 0 | I52: =SUMIFS(Abwesenheit!$J$2:$J$997,Abwesenheit!$E$2:$E$997,"Hochzeit",Abwesenheit!$D$2:$D$997,">="&TEXT(I$4,"TT.MM.JJJJ"),Abwesenheit!$D$2:$D$997,"<="&TEXT(EOMONTH(I$4,0),"TT.MM.JJJJ"))*24 -> 0 | L52: =SUMIFS(Abwesenheit!$J$2:$J$997,Abwesenheit!$E$2:$E$997,"Hochzeit",Abwesenheit!$D$2:$D$997,">="&TEXT(L$4,"TT.MM.JJJJ"),Abwesenheit!$D$2:$D$997,"<="&TEXT(EOMONTH(L$4,0),"TT.MM.JJJJ"))*24 -> 0 | O52: =SUMIFS(Abwesenheit!$J$2:$J$997,Abwesenheit!$E$2:$E$997,"Hochzeit",Abwesenheit!$D$2:$D$997,">="&TEXT(O$4,"TT.MM.JJJJ"),Abwesenheit!$D$2:$D$997,"<="&TEXT(EOMONTH(O$4,0),"TT.MM.JJJJ"))*24 -> 0 | R52: =SUMIFS(Abwesenheit!$J$2:$J$997,Abwesenheit!$E$2:$E$997,"Hochzeit",Abwesenheit!$D$2:$D$997,">="&TEXT(R$4,"TT.MM.JJJJ"),Abwesenheit!$D$2:$D$997,"<="&TEXT(EOMONTH(R$4,0),"TT.MM.JJJJ"))*24 -> 0 | U52: =SUMIFS(Abwesenheit!$J$2:$J$997,Abwesenheit!$E$2:$E$997,"Hochzeit",Abwesenheit!$D$2:$D$997,">="&TEXT(U$4,"TT.MM.JJJJ"),Abwesenheit!$D$2:$D$997,"<="&TEXT(EOMONTH(U$4,0),"TT.MM.JJJJ"))*24 -> 0 | X52: =SUMIFS(Abwesenheit!$J$2:$J$997,Abwesenheit!$E$2:$E$997,"Hochzeit",Abwesenheit!$D$2:$D$997,">="&TEXT(X$4,"TT.MM.JJJJ"),Abwesenheit!$D$2:$D$997,"<="&TEXT(EOMONTH(X$4,0),"TT.MM.JJJJ"))*24 -> 0 | AA52: =SUMIFS(Abwesenheit!$J$2:$J$997,Abwesenheit!$E$2:$E$997,"Hochzeit",Abwesenheit!$D$2:$D$997,">="&TEXT(AA$4,"TT.MM.JJJJ"),Abwesenheit!$D$2:$D$997,"<="&TEXT(EOMONTH(AA$4,0),"TT.MM.JJJJ"))*24 -> 0 | AD52: =SUMIFS(Abwesenheit!$J$2:$J$997,Abwesenheit!$E$2:$E$997,"Hochzeit",Abwesenheit!$D$2:$D$997,">="&TEXT(AD$4,"TT.MM.JJJJ"),Abwesenheit!$D$2:$D$997,"<="&TEXT(EOMONTH(AD$4,0),"TT.MM.JJJJ"))*24 -> 0 | AG52: =SUMIFS(Abwesenheit!$J$2:$J$997,Abwesenheit!$E$2:$E$997,"Hochzeit",Abwesenheit!$D$2:$D$997,">="&TEXT(AG$4,"TT.MM.JJJJ"),Abwesenheit!$D$2:$D$997,"<="&TEXT(EOMONTH(AG$4,0),"TT.MM.JJJJ"))*24 -> 0 | AJ52: =SUMIFS(Abwesenheit!$J$2:$J$997,Abwesenheit!$E$2:$E$997,"Hochzeit",Abwesenheit!$D$2:$D$997,">="&TEXT(AJ$4,"TT.MM.JJJJ"),Abwesenheit!$D$2:$D$997,"<="&TEXT(EOMONTH(AJ$4,0),"TT.MM.JJJJ"))*24 -> 0 | AM52: =SUM(C52:AL52) -> 0
B53: STERBEFALL | C53: =SUMIFS(Abwesenheit!$J$2:$J$997,Abwesenheit!$E$2:$E$997,"Sterbefall",Abwesenheit!$D$2:$D$997,">="&TEXT(C$4,"TT.MM.JJJJ"),Abwesenheit!$D$2:$D$997,"<="&TEXT(EOMONTH(C$4,0),"TT.MM.JJJJ"))*24 -> 0 | F53: =SUMIFS(Abwesenheit!$J$2:$J$997,Abwesenheit!$E$2:$E$997,"Sterbefall",Abwesenheit!$D$2:$D$997,">="&TEXT(F$4,"TT.MM.JJJJ"),Abwesenheit!$D$2:$D$997,"<="&TEXT(EOMONTH(F$4,0),"TT.MM.JJJJ"))*24 -> 0 | I53: =SUMIFS(Abwesenheit!$J$2:$J$997,Abwesenheit!$E$2:$E$997,"Sterbefall",Abwesenheit!$D$2:$D$997,">="&TEXT(I$4,"TT.MM.JJJJ"),Abwesenheit!$D$2:$D$997,"<="&TEXT(EOMONTH(I$4,0),"TT.MM.JJJJ"))*24 -> 0 | L53: =SUMIFS(Abwesenheit!$J$2:$J$997,Abwesenheit!$E$2:$E$997,"Sterbefall",Abwesenheit!$D$2:$D$997,">="&TEXT(L$4,"TT.MM.JJJJ"),Abwesenheit!$D$2:$D$997,"<="&TEXT(EOMONTH(L$4,0),"TT.MM.JJJJ"))*24 -> 0 | O53: =SUMIFS(Abwesenheit!$J$2:$J$997,Abwesenheit!$E$2:$E$997,"Sterbefall",Abwesenheit!$D$2:$D$997,">="&TEXT(O$4,"TT.MM.JJJJ"),Abwesenheit!$D$2:$D$997,"<="&TEXT(EOMONTH(O$4,0),"TT.MM.JJJJ"))*24 -> 0 | R53: =SUMIFS(Abwesenheit!$J$2:$J$997,Abwesenheit!$E$2:$E$997,"Sterbefall",Abwesenheit!$D$2:$D$997,">="&TEXT(R$4,"TT.MM.JJJJ"),Abwesenheit!$D$2:$D$997,"<="&TEXT(EOMONTH(R$4,0),"TT.MM.JJJJ"))*24 -> 0 | U53: =SUMIFS(Abwesenheit!$J$2:$J$997,Abwesenheit!$E$2:$E$997,"Sterbefall",Abwesenheit!$D$2:$D$997,">="&TEXT(U$4,"TT.MM.JJJJ"),Abwesenheit!$D$2:$D$997,"<="&TEXT(EOMONTH(U$4,0),"TT.MM.JJJJ"))*24 -> 0 | X53: =SUMIFS(Abwesenheit!$J$2:$J$997,Abwesenheit!$E$2:$E$997,"Sterbefall",Abwesenheit!$D$2:$D$997,">="&TEXT(X$4,"TT.MM.JJJJ"),Abwesenheit!$D$2:$D$997,"<="&TEXT(EOMONTH(X$4,0),"TT.MM.JJJJ"))*24 -> 0 | AA53: =SUMIFS(Abwesenheit!$J$2:$J$997,Abwesenheit!$E$2:$E$997,"Sterbefall",Abwesenheit!$D$2:$D$997,">="&TEXT(AA$4,"TT.MM.JJJJ"),Abwesenheit!$D$2:$D$997,"<="&TEXT(EOMONTH(AA$4,0),"TT.MM.JJJJ"))*24 -> 0 | AD53: =SUMIFS(Abwesenheit!$J$2:$J$997,Abwesenheit!$E$2:$E$997,"Sterbefall",Abwesenheit!$D$2:$D$997,">="&TEXT(AD$4,"TT.MM.JJJJ"),Abwesenheit!$D$2:$D$997,"<="&TEXT(EOMONTH(AD$4,0),"TT.MM.JJJJ"))*24 -> 0 | AG53: =SUMIFS(Abwesenheit!$J$2:$J$997,Abwesenheit!$E$2:$E$997,"Sterbefall",Abwesenheit!$D$2:$D$997,">="&TEXT(AG$4,"TT.MM.JJJJ"),Abwesenheit!$D$2:$D$997,"<="&TEXT(EOMONTH(AG$4,0),"TT.MM.JJJJ"))*24 -> 0 | AJ53: =SUMIFS(Abwesenheit!$J$2:$J$997,Abwesenheit!$E$2:$E$997,"Sterbefall",Abwesenheit!$D$2:$D$997,">="&TEXT(AJ$4,"TT.MM.JJJJ"),Abwesenheit!$D$2:$D$997,"<="&TEXT(EOMONTH(AJ$4,0),"TT.MM.JJJJ"))*24 -> 0 | AM53: =SUM(C53:AL53) -> 0
B54: SUMME | C54: =SUM(C46:E53) -> 0 | F54: =SUM(F46:H53) -> 0 | I54: =SUM(I46:K53) -> 0 | L54: =SUM(L46:N53) -> 0 | O54: =SUM(O46:Q53) -> 0 | R54: =SUM(R46:T53) -> 0 | U54: =SUM(U46:W53) -> 0 | X54: =SUM(X46:Z53) -> 0 | AA54: =SUM(AA46:AC53) -> 0 | AD54: =SUM(AD46:AF53) -> 0 | AG54: =SUM(AG46:AI53) -> 0 | AJ54: =SUM(AJ46:AL53) -> 0 | AM54: =SUM(C54:AL54) -> 0
D55: =IF(((C54-C45)>0)*(OR(C54-C45)<0),C54-C45,"") | G55: =IF(((F54-F45)>0)*(OR(F54-F45)<0),F54-F45,"") | J55: =IF(((I54-I45)>0)*(OR(I54-I45)<0),I54-I45,"") | M55: =IF(((L54-L45)>0)*(OR(L54-L45)<0),L54-L45,"") | P55: =IF(((O54-O45)>0)*(OR(O54-O45)<0),O54-O45,"") | S55: =IF(((R54-R45)>0)*(OR(R54-R45)<0),R54-R45,"") | V55: =IF(((U54-U45)>0)*(OR(U54-U45)<0),U54-U45,"") | Y55: =IF(((X54-X45)>0)*(OR(X54-X45)<0),X54-X45,"") | AB55: =IF(((AA54-AA45)>0)*(OR(AA54-AA45)<0),AA54-AA45,"") | AE55: =IF(((AD54-AD45)>0)*(OR(AD54-AD45)<0),AD54-AD45,"") | AH55: =IF(((AG54-AG45)>0)*(OR(AG54-AG45)<0),AG54-AG45,"") | AK55: =IF(((AJ54-AJ45)>0)*(OR(AJ54-AJ45)<0),AJ54-AJ45,"") | AN55: =IF(((AM54-AM45)>0)*(OR(AM54-AM45)<0),AM54-AM45,"")
B56: GLEITZEIT | C56: =Stammdaten!D13+C41 -> 0 | F56: =C56+F41 -> 0 | I56: =F56+I41 -> 0 | L56: =I56+L41 -> 0 | O56: =L56+O41 -> 0 | R56: =O56+R41 -> 0 | U56: =R56+U41 -> -135 | X56: =U56+X41 -> -143 | AA56: =X56+AA41 -> -143 | AD56: =AA56+AD41 -> -143 | AG56: =AD56+AG41 -> -143 | AJ56: =AG56+AJ41 -> -143 | AM56: =AJ56 -> -143

Sheet Projekte
B2: Projektname | C2: Arbeitspaket | D2: Zeitrahmen | E2: =TEXT(DATE(Stammdaten!$D$9,COLUMN()-COLUMN($E3)+1,1),"MMMM") -> Jänner | F2: =TEXT(DATE(Stammdaten!$D$9,COLUMN()-COLUMN($E3)+1,1),"MMMM") -> Februar | G2: =TEXT(DATE(Stammdaten!$D$9,COLUMN()-COLUMN($E3)+1,1),"MMMM") -> März | H2: =TEXT(DATE(Stammdaten!$D$9,COLUMN()-COLUMN($E3)+1,1),"MMMM") -> April | I2: =TEXT(DATE(Stammdaten!$D$9,COLUMN()-COLUMN($E3)+1,1),"MMMM") -> Mai | J2: =TEXT(DATE(Stammdaten!$D$9,COLUMN()-COLUMN($E3)+1,1),"MMMM") -> Juni | K2: =TEXT(DATE(Stammdaten!$D$9,COLUMN()-COLUMN($E3)+1,1),"MMMM") -> Juli | L2: =TEXT(DATE(Stammdaten!$D$9,COLUMN()-COLUMN($E3)+1,1),"MMMM") -> August | ... P2: =TEXT(DATE(Stammdaten!$D$9,COLUMN()-COLUMN($E3)+1,1),"MMMM") -> Dezember | Q2: Summe | R2: Saldo
B3: ADMIN | E3: =IF(AND($B3="",$C3=""),0,IF($C3="",SUMIFS(INDIRECT(TEXT(DATE(Stammdaten!$D$9,COLUMN()-COLUMN($E3)+1,1),"MMM")&"!$L$9:$L$999"),INDIRECT(TEXT(DATE(Stammdaten!$D$9,COLUMN()-COLUMN($E3)+1,1),"MMM")&"!$F$9:$F$999"),$B3),IF($B3="",SUMIFS(INDIRECT(TEXT(DATE(Stammdaten!$D$9,COLUMN()-COLUMN($E3)+1,1),"MMM")&"!$L$9:$L$999"),INDIRECT(TEXT(DATE(Stammdaten!$D$9,COLUMN()-COLUMN($E3)+1,1),"MMM")&"!$G$9:$G$999"),$C3),SUMIFS(INDIRECT(TEXT(DATE(Stammdaten!$D$9,COLUMN()-COLUMN($E3)+1,1),"MMM")&"!$L$9:$L$999"),INDIRECT(TEXT(DATE(Stammdaten!$D$9,COLUMN()-COLUMN($E3)+1,1),"MMM")&"!$F$9:$F$999"),IF($B3="","*",$B3),INDIRECT(TEXT(DATE(Stammdaten!$D$9,COLUMN()-COLUMN($E3)+1,1),"MMM")&"!$G$9:$G$999"),IF($C3="","*",$C3)))))*24 -> 0 | F3: =IF(AND($B3="",$C3=""),0,IF($C3="",SUMIFS(INDIRECT(TEXT(DATE(Stammdaten!$D$9,COLUMN()-COLUMN($E3)+1,1),"MMM")&"!$L$9:$L$999"),INDIRECT(TEXT(DATE(Stammdaten!$D$9,COLUMN()-COLUMN($E3)+1,1),"MMM")&"!$F$9:$F$999"),$B3),IF($B3="",SUMIFS(INDIRECT(TEXT(DATE(Stammdaten!$D$9,COLUMN()-COLUMN($E3)+1,1),"MMM")&"!$L$9:$L$999"),INDIRECT(TEXT(DATE(Stammdaten!$D$9,COLUMN()-COLUMN($E3)+1,1),"MMM")&"!$G$9:$G$999"),$C3),SUMIFS(INDIRECT(TEXT(DATE(Stammdaten!$D$9,COLUMN()-COLUMN($E3)+1,1),"MMM")&"!$L$9:$L$999"),INDIRECT(TEXT(DATE(Stammdaten!$D$9,COLUMN()-COLUMN($E3)+1,1),"MMM")&"!$F$9:$F$999"),IF($B3="","*",$B3),INDIRECT(TEXT(DATE(Stammdaten!$D$9,COLUMN()-COLUMN($E3)+1,1),"MMM")&"!$G$9:$G$999"),IF($C3="","*",$C3)))))*24 -> 0 | G3: =IF(AND($B3="",$C3=""),0,IF($C3="",SUMIFS(INDIRECT(TEXT(DATE(Stammdaten!$D$9,COLUMN()-COLUMN($E3)+1,1),"MMM")&"!$L$9:$L$999"),INDIRECT(TEXT(DATE(Stammdaten!$D$9,COLUMN()-COLUMN($E3)+1,1),"MMM")&"!$F$9:$F$999"),$B3),IF($B3="",SUMIFS(INDIRECT(TEXT(DATE(Stammdaten!$D$9,COLUMN()-COLUMN($E3)+1,1),"MMM")&"!$L$9:$L$999"),INDIRECT(TEXT(DATE(Stammdaten!$D$9,COLUMN()-COLUMN($E3)+1,1),"MMM")&"!$G$9:$G$999"),$C3),SUMIFS(INDIRECT(TEXT(DATE(Stammdaten!$D$9,COLUMN()-COLUMN($E3)+1,1),"MMM")&"!$L$9:$L$999"),INDIRECT(TEXT(DATE(Stammdaten!$D$9,COLUMN()-COLUMN($E3)+1,1),"MMM")&"!$F$9:$F$999"),IF($B3="","*",$B3),INDIRECT(TEXT(DATE(Stammdaten!$D$9,COLUMN()-COLUMN($E3)+1,1),"MMM")&"!$G$9:$G$999"),IF($C3="","*",$C3)))))*24 -> 0 | H3: =IF(AND($B3="",$C3=""),0,IF($C3="",SUMIFS(INDIRECT(TEXT(DATE(Stammdaten!$D$9,COLUMN()-COLUMN($E3)+1,1),"MMM")&"!$L$9:$L$999"),INDIRECT(TEXT(DATE(Stammdaten!$D$9,COLUMN()-COLUMN($E3)+1,1),"MMM")&"!$F$9:$F$999"),$B3),IF($B3="",SUMIFS(INDIRECT(TEXT(DATE(Stammdaten!$D$9,COLUMN()-COLUMN($E3)+1,1),"MMM")&"!$L$9:$L$999"),INDIRECT(TEXT(DATE(Stammdaten!$D$9,COLUMN()-COLUMN($E3)+1,1),"MMM")&"!$G$9:$G$999"),$C3),SUMIFS(INDIRECT(TEXT(DATE(Stammdaten!$D$9,COLUMN()-COLUMN($E3)+1,1),"MMM")&"!$L$9:$L$999"),INDIRECT(TEXT(DATE(Stammdaten!$D$9,COLUMN()-COLUMN($E3)+1,1),"MMM")&"!$F$9:$F$999"),IF($B3="","*",$B3),INDIRECT(TEXT(DATE(Stammdaten!$D$9,COLUMN()-COLUMN($E3)+1,1),"MMM")&"!$G$9:$G$999"),IF($C3="","*",$C3)))))*24 -> 0 | I3: =IF(AND($B3="",$C3=""),0,IF($C3="",SUMIFS(INDIRECT(TEXT(DATE(Stammdaten!$D$9,COLUMN()-COLUMN($E3)+1,1),"MMM")&"!$L$9:$L$999"),INDIRECT(TEXT(DATE(Stammdaten!$D$9,COLUMN()-COLUMN($E3)+1,1),"MMM")&"!$F$9:$F$999"),$B3),IF($B3="",SUMIFS(INDIRECT(TEXT(DATE(Stammdaten!$D$9,COLUMN()-COLUMN($E3)+1,1),"MMM")&"!$L$9:$L$999"),INDIRECT(TEXT(DATE(Stammdaten!$D$9,COLUMN()-COLUMN($E3)+1,1),"MMM")&"!$G$9:$G$999"),$C3),SUMIFS(INDIRECT(TEXT(DATE(Stammdaten!$D$9,COLUMN()-COLUMN($E3)+1,1),"MMM")&"!$L$9:$L$999"),INDIRECT(TEXT(DATE(Stammdaten!$D$9,COLUMN()-COLUMN($E3)+1,1),"MMM")&"!$F$9:$F$999"),IF($B3="","*",$B3),INDIRECT(TEXT(DATE(Stammdaten!$D$9,COLUMN()-COLUMN($E3)+1,1),"MMM")&"!$G$9:$G$999"),IF($C3="","*",$C3)))))*24 -> 0 | J3: =IF(AND($B3="",$C3=""),0,IF($C3="",SUMIFS(INDIRECT(TEXT(DATE(Stammdaten!$D$9,COLUMN()-COLUMN($E3)+1,1),"MMM")&"!$L$9:$L$999"),INDIRECT(TEXT(DATE(Stammdaten!$D$9,COLUMN()-COLUMN($E3)+1,1),"MMM")&"!$F$9:$F$999"),$B3),IF($B3="",SUMIFS(INDIRECT(TEXT(DATE(Stammdaten!$D$9,COLUMN()-COLUMN($E3)+1,1),"MMM")&"!$L$9:$L$999"),INDIRECT(TEXT(DATE(Stammdaten!$D$9,COLUMN()-COLUMN($E3)+1,1),"MMM")&"!$G$9:$G$999"),$C3),SUMIFS(INDIRECT(TEXT(DATE(Stammdaten!$D$9,COLUMN()-COLUMN($E3)+1,1),"MMM")&"!$L$9:$L$999"),INDIRECT(TEXT(DATE(Stammdaten!$D$9,COLUMN()-COLUMN($E3)+1,1),"MMM")&"!$F$9:$F$999"),IF($B3="","*",$B3),INDIRECT(TEXT(DATE(Stammdaten!$D$9,COLUMN()-COLUMN($E3)+1,1),"MMM")&"!$G$9:$G$999"),IF($C3="","*",$C3)))))*24 -> 0 | K3: =IF(AND($B3="",$C3=""),0,IF($C3="",SUMIFS(INDIRECT(TEXT(DATE(Stammdaten!$D$9,COLUMN()-COLUMN($E3)+1,1),"MMM")&"!$L$9:$L$999"),INDIRECT(TEXT(DATE(Stammdaten!$D$9,COLUMN()-COLUMN($E3)+1,1),"MMM")&"!$F$9:$F$999"),$B3),IF($B3="",SUMIFS(INDIRECT(TEXT(DATE(Stammdaten!$D$9,COLUMN()-COLUMN($E3)+1,1),"MMM")&"!$L$9:$L$999"),INDIRECT(TEXT(DATE(Stammdaten!$D$9,COLUMN()-COLUMN($E3)+1,1),"MMM")&"!$G$9:$G$999"),$C3),SUMIFS(INDIRECT(TEXT(DATE(Stammdaten!$D$9,COLUMN()-COLUMN($E3)+1,1),"MMM")&"!$L$9:$L$999"),INDIRECT(TEXT(DATE(Stammdaten!$D$9,COLUMN()-COLUMN($E3)+1,1),"MMM")&"!$F$9:$F$999"),IF($B3="","*",$B3),INDIRECT(TEXT(DATE(Stammdaten!$D$9,COLUMN()-COLUMN($E3)+1,1),"MMM")&"!$G$9:$G$999"),IF($C3="","*",$C3)))))*24 -> 0 | L3: =IF(AND($B3="",$C3=""),0,IF($C3="",SUMIFS(INDIRECT(TEXT(DATE(Stammdaten!$D$9,COLUMN()-COLUMN($E3)+1,1),"MMM")&"!$L$9:$L$999"),INDIRECT(TEXT(DATE(Stammdaten!$D$9,COLUMN()-COLUMN($E3)+1,1),"MMM")&"!$F$9:$F$999"),$B3),IF($B3="",SUMIFS(INDIRECT(TEXT(DATE(Stammdaten!$D$9,COLUMN()-COLUMN($E3)+1,1),"MMM")&"!$L$9:$L$999"),INDIRECT(TEXT(DATE(Stammdaten!$D$9,COLUMN()-COLUMN($E3)+1,1),"MMM")&"!$G$9:$G$999"),$C3),SUMIFS(INDIRECT(TEXT(DATE(Stammdaten!$D$9,COLUMN()-COLUMN($E3)+1,1),"MMM")&"!$L$9:$L$999"),INDIRECT(TEXT(DATE(Stammdaten!$D$9,COLUMN()-COLUMN($E3)+1,1),"MMM")&"!$F$9:$F$999"),IF($B3="","*",$B3),INDIRECT(TEXT(DATE(Stammdaten!$D$9,COLUMN()-COLUMN($E3)+1,1),"MMM")&"!$G$9:$G$999"),IF($C3="","*",$C3)))))*24 -> 0 | ... P3: =IF(AND($B3="",$C3=""),0,IF($C3="",SUMIFS(INDIRECT(TEXT(DATE(Stammdaten!$D$9,COLUMN()-COLUMN($E3)+1,1),"MMM")&"!$L$9:$L$999"),INDIRECT(TEXT(DATE(Stammdaten!$D$9,COLUMN()-COLUMN($E3)+1,1),"MMM")&"!$F$9:$F$999"),$B3),IF($B3="",SUMIFS(INDIRECT(TEXT(DATE(Stammdaten!$D$9,COLUMN()-COLUMN($E3)+1,1),"MMM")&"!$L$9:$L$999"),INDIRECT(TEXT(DATE(Stammdaten!$D$9,COLUMN()-COLUMN($E3)+1,1),"MMM")&"!$G$9:$G$999"),$C3),SUMIFS(INDIRECT(TEXT(DATE(Stammdaten!$D$9,COLUMN()-COLUMN($E3)+1,1),"MMM")&"!$L$9:$L$999"),INDIRECT(TEXT(DATE(Stammdaten!$D$9,COLUMN()-COLUMN($E3)+1,1),"MMM")&"!$F$9:$F$999"),IF($B3="","*",$B3),INDIRECT(TEXT(DATE(Stammdaten!$D$9,COLUMN()-COLUMN($E3)+1,1),"MMM")&"!$G$9:$G$999"),IF($C3="","*",$C3)))))*24 -> 0 | Q3: =SUM(E3:P3) -> 0 | R3: =IF(D3="",Q3,D3-Q3) -> 0
E4: =IF(AND($B4="",$C4=""),0,IF($C4="",SUMIFS(INDIRECT(TEXT(DATE(Stammdaten!$D$9,COLUMN()-COLUMN($E4)+1,1),"MMM")&"!$L$9:$L$999"),INDIRECT(TEXT(DATE(Stammdaten!$D$9,COLUMN()-COLUMN($E4)+1,1),"MMM")&"!$F$9:$F$999"),$B4),IF($B4="",SUMIFS(INDIRECT(TEXT(DATE(Stammdaten!$D$9,COLUMN()-COLUMN($E4)+1,1),"MMM")&"!$L$9:$L$999"),INDIRECT(TEXT(DATE(Stammdaten!$D$9,COLUMN()-COLUMN($E4)+1,1),"MMM")&"!$G$9:$G$999"),$C4),SUMIFS(INDIRECT(TEXT(DATE(Stammdaten!$D$9,COLUMN()-COLUMN($E4)+1,1),"MMM")&"!$L$9:$L$999"),INDIRECT(TEXT(DATE(Stammdaten!$D$9,COLUMN()-COLUMN($E4)+1,1),"MMM")&"!$F$9:$F$999"),IF($B4="","*",$B4),INDIRECT(TEXT(DATE(Stammdaten!$D$9,COLUMN()-COLUMN($E4)+1,1),"MMM")&"!$G$9:$G$999"),IF($C4="","*",$C4)))))*24 -> 0 | F4: =IF(AND($B4="",$C4=""),0,IF($C4="",SUMIFS(INDIRECT(TEXT(DATE(Stammdaten!$D$9,COLUMN()-COLUMN($E4)+1,1),"MMM")&"!$L$9:$L$999"),INDIRECT(TEXT(DATE(Stammdaten!$D$9,COLUMN()-COLUMN($E4)+1,1),"MMM")&"!$F$9:$F$999"),$B4),IF($B4="",SUMIFS(INDIRECT(TEXT(DATE(Stammdaten!$D$9,COLUMN()-COLUMN($E4)+1,1),"MMM")&"!$L$9:$L$999"),INDIRECT(TEXT(DATE(Stammdaten!$D$9,COLUMN()-COLUMN($E4)+1,1),"MMM")&"!$G$9:$G$999"),$C4),SUMIFS(INDIRECT(TEXT(DATE(Stammdaten!$D$9,COLUMN()-COLUMN($E4)+1,1),"MMM")&"!$L$9:$L$999"),INDIRECT(TEXT(DATE(Stammdaten!$D$9,COLUMN()-COLUMN($E4)+1,1),"MMM")&"!$F$9:$F$999"),IF($B4="","*",$B4),INDIRECT(TEXT(DATE(Stammdaten!$D$9,COLUMN()-COLUMN($E4)+1,1),"MMM")&"!$G$9:$G$999"),IF($C4="","*",$C4)))))*24 -> 0 | G4: =IF(AND($B4="",$C4=""),0,IF($C4="",SUMIFS(INDIRECT(TEXT(DATE(Stammdaten!$D$9,COLUMN()-COLUMN($E4)+1,1),"MMM")&"!$L$9:$L$999"),INDIRECT(TEXT(DATE(Stammdaten!$D$9,COLUMN()-COLUMN($E4)+1,1),"MMM")&"!$F$9:$F$999"),$B4),IF($B4="",SUMIFS(INDIRECT(TEXT(DATE(Stammdaten!$D$9,COLUMN()-COLUMN($E4)+1,1),"MMM")&"!$L$9:$L$999"),INDIRECT(TEXT(DATE(Stammdaten!$D$9,COLUMN()-COLUMN($E4)+1,1),"MMM")&"!$G$9:$G$999"),$C4),SUMIFS(INDIRECT(TEXT(DATE(Stammdaten!$D$9,COLUMN()-COLUMN($E4)+1,1),"MMM")&"!$L$9:$L$999"),INDIRECT(TEXT(DATE(Stammdaten!$D$9,COLUMN()-COLUMN($E4)+1,1),"MMM")&"!$F$9:$F$999"),IF($B4="","*",$B4),INDIRECT(TEXT(DATE(Stammdaten!$D$9,COLUMN()-COLUMN($E4)+1,1),"MMM")&"!$G$9:$G$999"),IF($C4="","*",$C4)))))*24 -> 0 | H4: =IF(AND($B4="",$C4=""),0,IF($C4="",SUMIFS(INDIRECT(TEXT(DATE(Stammdaten!$D$9,COLUMN()-COLUMN($E4)+1,1),"MMM")&"!$L$9:$L$999"),INDIRECT(TEXT(DATE(Stammdaten!$D$9,COLUMN()-COLUMN($E4)+1,1),"MMM")&"!$F$9:$F$999"),$B4),IF($B4="",SUMIFS(INDIRECT(TEXT(DATE(Stammdaten!$D$9,COLUMN()-COLUMN($E4)+1,1),"MMM")&"!$L$9:$L$999"),INDIRECT(TEXT(DATE(Stammdaten!$D$9,COLUMN()-COLUMN($E4)+1,1),"MMM")&"!$G$9:$G$999"),$C4),SUMIFS(INDIRECT(TEXT(DATE(Stammdaten!$D$9,COLUMN()-COLUMN($E4)+1,1),"MMM")&"!$L$9:$L$999"),INDIRECT(TEXT(DATE(Stammdaten!$D$9,COLUMN()-COLUMN($E4)+1,1),"MMM")&"!$F$9:$F$999"),IF($B4="","*",$B4),INDIRECT(TEXT(DATE(Stammdaten!$D$9,COLUMN()-COLUMN($E4)+1,1),"MMM")&"!$G$9:$G$999"),IF($C4="","*",$C4)))))*24 -> 0 | I4: =IF(AND($B4="",$C4=""),0,IF($C4="",SUMIFS(INDIRECT(TEXT(DATE(Stammdaten!$D$9,COLUMN()-COLUMN($E4)+1,1),"MMM")&"!$L$9:$L$999"),INDIRECT(TEXT(DATE(Stammdaten!$D$9,COLUMN()-COLUMN($E4)+1,1),"MMM")&"!$F$9:$F$999"),$B4),IF($B4="",SUMIFS(INDIRECT(TEXT(DATE(Stammdaten!$D$9,COLUMN()-COLUMN($E4)+1,1),"MMM")&"!$L$9:$L$999"),INDIRECT(TEXT(DATE(Stammdaten!$D$9,COLUMN()-COLUMN($E4)+1,1),"MMM")&"!$G$9:$G$999"),$C4),SUMIFS(INDIRECT(TEXT(DATE(Stammdaten!$D$9,COLUMN()-COLUMN($E4)+1,1),"MMM")&"!$L$9:$L$999"),INDIRECT(TEXT(DATE(Stammdaten!$D$9,COLUMN()-COLUMN($E4)+1,1),"MMM")&"!$F$9:$F$999"),IF($B4="","*",$B4),INDIRECT(TEXT(DATE(Stammdaten!$D$9,COLUMN()-COLUMN($E4)+1,1),"MMM")&"!$G$9:$G$999"),IF($C4="","*",$C4)))))*24 -> 0 | J4: =IF(AND($B4="",$C4=""),0,IF($C4="",SUMIFS(INDIRECT(TEXT(DATE(Stammdaten!$D$9,COLUMN()-COLUMN($E4)+1,1),"MMM")&"!$L$9:$L$999"),INDIRECT(TEXT(DATE(Stammdaten!$D$9,COLUMN()-COLUMN($E4)+1,1),"MMM")&"!$F$9:$F$999"),$B4),IF($B4="",SUMIFS(INDIRECT(TEXT(DATE(Stammdaten!$D$9,COLUMN()-COLUMN($E4)+1,1),"MMM")&"!$L$9:$L$999"),INDIRECT(TEXT(DATE(Stammdaten!$D$9,COLUMN()-COLUMN($E4)+1,1),"MMM")&"!$G$9:$G$999"),$C4),SUMIFS(INDIRECT(TEXT(DATE(Stammdaten!$D$9,COLUMN()-COLUMN($E4)+1,1),"MMM")&"!$L$9:$L$999"),INDIRECT(TEXT(DATE(Stammdaten!$D$9,COLUMN()-COLUMN($E4)+1,1),"MMM")&"!$F$9:$F$999"),IF($B4="","*",$B4),INDIRECT(TEXT(DATE(Stammdaten!$D$9,COLUMN()-COLUMN($E4)+1,1),"MMM")&"!$G$9:$G$999"),IF($C4="","*",$C4)))))*24 -> 0 | K4: =IF(AND($B4="",$C4=""),0,IF($C4="",SUMIFS(INDIRECT(TEXT(DATE(Stammdaten!$D$9,COLUMN()-COLUMN($E4)+1,1),"MMM")&"!$L$9:$L$999"),INDIRECT(TEXT(DATE(Stammdaten!$D$9,COLUMN()-COLUMN($E4)+1,1),"MMM")&"!$F$9:$F$999"),$B4),IF($B4="",SUMIFS(INDIRECT(TEXT(DATE(Stammdaten!$D$9,COLUMN()-COLUMN($E4)+1,1),"MMM")&"!$L$9:$L$999"),INDIRECT(TEXT(DATE(Stammdaten!$D$9,COLUMN()-COLUMN($E4)+1,1),"MMM")&"!$G$9:$G$999"),$C4),SUMIFS(INDIRECT(TEXT(DATE(Stammdaten!$D$9,COLUMN()-COLUMN($E4)+1,1),"MMM")&"!$L$9:$L$999"),INDIRECT(TEXT(DATE(Stammdaten!$D$9,COLUMN()-COLUMN($E4)+1,1),"MMM")&"!$F$9:$F$999"),IF($B4="","*",$B4),INDIRECT(TEXT(DATE(Stammdaten!$D$9,COLUMN()-COLUMN($E4)+1,1),"MMM")&"!$G$9:$G$999"),IF($C4="","*",$C4)))))*24 -> 0 | L4: =IF(AND($B4="",$C4=""),0,IF($C4="",SUMIFS(INDIRECT(TEXT(DATE(Stammdaten!$D$9,COLUMN()-COLUMN($E4)+1,1),"MMM")&"!$L$9:$L$999"),INDIRECT(TEXT(DATE(Stammdaten!$D$9,COLUMN()-COLUMN($E4)+1,1),"MMM")&"!$F$9:$F$999"),$B4),IF($B4="",SUMIFS(INDIRECT(TEXT(DATE(Stammdaten!$D$9,COLUMN()-COLUMN($E4)+1,1),"MMM")&"!$L$9:$L$999"),INDIRECT(TEXT(DATE(Stammdaten!$D$9,COLUMN()-COLUMN($E4)+1,1),"MMM")&"!$G$9:$G$999"),$C4),SUMIFS(INDIRECT(TEXT(DATE(Stammdaten!$D$9,COLUMN()-COLUMN($E4)+1,1),"MMM")&"!$L$9:$L$999"),INDIRECT(TEXT(DATE(Stammdaten!$D$9,COLUMN()-COLUMN($E4)+1,1),"MMM")&"!$F$9:$F$999"),IF($B4="","*",$B4),INDIRECT(TEXT(DATE(Stammdaten!$D$9,COLUMN()-COLUMN($E4)+1,1),"MMM")&"!$G$9:$G$999"),IF($C4="","*",$C4)))))*24 -> 0 | ... P4: =IF(AND($B4="",$C4=""),0,IF($C4="",SUMIFS(INDIRECT(TEXT(DATE(Stammdaten!$D$9,COLUMN()-COLUMN($E4)+1,1),"MMM")&"!$L$9:$L$999"),INDIRECT(TEXT(DATE(Stammdaten!$D$9,COLUMN()-COLUMN($E4)+1,1),"MMM")&"!$F$9:$F$999"),$B4),IF($B4="",SUMIFS(INDIRECT(TEXT(DATE(Stammdaten!$D$9,COLUMN()-COLUMN($E4)+1,1),"MMM")&"!$L$9:$L$999"),INDIRECT(TEXT(DATE(Stammdaten!$D$9,COLUMN()-COLUMN($E4)+1,1),"MMM")&"!$G$9:$G$999"),$C4),SUMIFS(INDIRECT(TEXT(DATE(Stammdaten!$D$9,COLUMN()-COLUMN($E4)+1,1),"MMM")&"!$L$9:$L$999"),INDIRECT(TEXT(DATE(Stammdaten!$D$9,COLUMN()-COLUMN($E4)+1,1),"MMM")&"!$F$9:$F$999"),IF($B4="","*",$B4),INDIRECT(TEXT(DATE(Stammdaten!$D$9,COLUMN()-COLUMN($E4)+1,1),"MMM")&"!$G$9:$G$999"),IF($C4="","*",$C4)))))*24 -> 0 | Q4: =SUM(E4:P4) -> 0 | R4: =IF(D4="",Q4,D4-Q4) -> 0
E5: =IF(AND($B5="",$C5=""),0,IF($C5="",SUMIFS(INDIRECT(TEXT(DATE(Stammdaten!$D$9,COLUMN()-COLUMN($E5)+1,1),"MMM")&"!$L$9:$L$999"),INDIRECT(TEXT(DATE(Stammdaten!$D$9,COLUMN()-COLUMN($E5)+1,1),"MMM")&"!$F$9:$F$999"),$B5),IF($B5="",SUMIFS(INDIRECT(TEXT(DATE(Stammdaten!$D$9,COLUMN()-COLUMN($E5)+1,1),"MMM")&"!$L$9:$L$999"),INDIRECT(TEXT(DATE(Stammdaten!$D$9,COLUMN()-COLUMN($E5)+1,1),"MMM")&"!$G$9:$G$999"),$C5),SUMIFS(INDIRECT(TEXT(DATE(Stammdaten!$D$9,COLUMN()-COLUMN($E5)+1,1),"MMM")&"!$L$9:$L$999"),INDIRECT(TEXT(DATE(Stammdaten!$D$9,COLUMN()-COLUMN($E5)+1,1),"MMM")&"!$F$9:$F$999"),IF($B5="","*",$B5),INDIRECT(TEXT(DATE(Stammdaten!$D$9,COLUMN()-COLUMN($E5)+1,1),"MMM")&"!$G$9:$G$999"),IF($C5="","*",$C5)))))*24 -> 0 | F5: =IF(AND($B5="",$C5=""),0,IF($C5="",SUMIFS(INDIRECT(TEXT(DATE(Stammdaten!$D$9,COLUMN()-COLUMN($E5)+1,1),"MMM")&"!$L$9:$L$999"),INDIRECT(TEXT(DATE(Stammdaten!$D$9,COLUMN()-COLUMN($E5)+1,1),"MMM")&"!$F$9:$F$999"),$B5),IF($B5="",SUMIFS(INDIRECT(TEXT(DATE(Stammdaten!$D$9,COLUMN()-COLUMN($E5)+1,1),"MMM")&"!$L$9:$L$999"),INDIRECT(TEXT(DATE(Stammdaten!$D$9,COLUMN()-COLUMN($E5)+1,1),"MMM")&"!$G$9:$G$999"),$C5),SUMIFS(INDIRECT(TEXT(DATE(Stammdaten!$D$9,COLUMN()-COLUMN($E5)+1,1),"MMM")&"!$L$9:$L$999"),INDIRECT(TEXT(DATE(Stammdaten!$D$9,COLUMN()-COLUMN($E5)+1,1),"MMM")&"!$F$9:$F$999"),IF($B5="","*",$B5),INDIRECT(TEXT(DATE(Stammdaten!$D$9,COLUMN()-COLUMN($E5)+1,1),"MMM")&"!$G$9:$G$999"),IF($C5="","*",$C5)))))*24 -> 0 | G5: =IF(AND($B5="",$C5=""),0,IF($C5="",SUMIFS(INDIRECT(TEXT(DATE(Stammdaten!$D$9,COLUMN()-COLUMN($E5)+1,1),"MMM")&"!$L$9:$L$999"),INDIRECT(TEXT(DATE(Stammdaten!$D$9,COLUMN()-COLUMN($E5)+1,1),"MMM")&"!$F$9:$F$999"),$B5),IF($B5="",SUMIFS(INDIRECT(TEXT(DATE(Stammdaten!$D$9,COLUMN()-COLUMN($E5)+1,1),"MMM")&"!$L$9:$L$999"),INDIRECT(TEXT(DATE(Stammdaten!$D$9,COLUMN()-COLUMN($E5)+1,1),"MMM")&"!$G$9:$G$999"),$C5),SUMIFS(INDIRECT(TEXT(DATE(Stammdaten!$D$9,COLUMN()-COLUMN($E5)+1,1),"MMM")&"!$L$9:$L$999"),INDIRECT(TEXT(DATE(Stammdaten!$D$9,COLUMN()-COLUMN($E5)+1,1),"MMM")&"!$F$9:$F$999"),IF($B5="","*",$B5),INDIRECT(TEXT(DATE(Stammdaten!$D$9,COLUMN()-COLUMN($E5)+1,1),"MMM")&"!$G$9:$G$999"),IF($C5="","*",$C5)))))*24 -> 0 | H5: =IF(AND($B5="",$C5=""),0,IF($C5="",SUMIFS(INDIRECT(TEXT(DATE(Stammdaten!$D$9,COLUMN()-COLUMN($E5)+1,1),"MMM")&"!$L$9:$L$999"),INDIRECT(TEXT(DATE(Stammdaten!$D$9,COLUMN()-COLUMN($E5)+1,1),"MMM")&"!$F$9:$F$999"),$B5),IF($B5="",SUMIFS(INDIRECT(TEXT(DATE(Stammdaten!$D$9,COLUMN()-COLUMN($E5)+1,1),"MMM")&"!$L$9:$L$999"),INDIRECT(TEXT(DATE(Stammdaten!$D$9,COLUMN()-COLUMN($E5)+1,1),"MMM")&"!$G$9:$G$999"),$C5),SUMIFS(INDIRECT(TEXT(DATE(Stammdaten!$D$9,COLUMN()-COLUMN($E5)+1,1),"MMM")&"!$L$9:$L$999"),INDIRECT(TEXT(DATE(Stammdaten!$D$9,COLUMN()-COLUMN($E5)+1,1),"MMM")&"!$F$9:$F$999"),IF($B5="","*",$B5),INDIRECT(TEXT(DATE(Stammdaten!$D$9,COLUMN()-COLUMN($E5)+1,1),"MMM")&"!$G$9:$G$999"),IF($C5="","*",$C5)))))*24 -> 0 | I5: =IF(AND($B5="",$C5=""),0,IF($C5="",SUMIFS(INDIRECT(TEXT(DATE(Stammdaten!$D$9,COLUMN()-COLUMN($E5)+1,1),"MMM")&"!$L$9:$L$999"),INDIRECT(TEXT(DATE(Stammdaten!$D$9,COLUMN()-COLUMN($E5)+1,1),"MMM")&"!$F$9:$F$999"),$B5),IF($B5="",SUMIFS(INDIRECT(TEXT(DATE(Stammdaten!$D$9,COLUMN()-COLUMN($E5)+1,1),"MMM")&"!$L$9:$L$999"),INDIRECT(TEXT(DATE(Stammdaten!$D$9,COLUMN()-COLUMN($E5)+1,1),"MMM")&"!$G$9:$G$999"),$C5),SUMIFS(INDIRECT(TEXT(DATE(Stammdaten!$D$9,COLUMN()-COLUMN($E5)+1,1),"MMM")&"!$L$9:$L$999"),INDIRECT(TEXT(DATE(Stammdaten!$D$9,COLUMN()-COLUMN($E5)+1,1),"MMM")&"!$F$9:$F$999"),IF($B5="","*",$B5),INDIRECT(TEXT(DATE(Stammdaten!$D$9,COLUMN()-COLUMN($E5)+1,1),"MMM")&"!$G$9:$G$999"),IF($C5="","*",$C5)))))*24 -> 0 | J5: =IF(AND($B5="",$C5=""),0,IF($C5="",SUMIFS(INDIRECT(TEXT(DATE(Stammdaten!$D$9,COLUMN()-COLUMN($E5)+1,1),"MMM")&"!$L$9:$L$999"),INDIRECT(TEXT(DATE(Stammdaten!$D$9,COLUMN()-COLUMN($E5)+1,1),"MMM")&"!$F$9:$F$999"),$B5),IF($B5="",SUMIFS(INDIRECT(TEXT(DATE(Stammdaten!$D$9,COLUMN()-COLUMN($E5)+1,1),"MMM")&"!$L$9:$L$999"),INDIRECT(TEXT(DATE(Stammdaten!$D$9,COLUMN()-COLUMN($E5)+1,1),"MMM")&"!$G$9:$G$999"),$C5),SUMIFS(INDIRECT(TEXT(DATE(Stammdaten!$D$9,COLUMN()-COLUMN($E5)+1,1),"MMM")&"!$L$9:$L$999"),INDIRECT(TEXT(DATE(Stammdaten!$D$9,COLUMN()-COLUMN($E5)+1,1),"MMM")&"!$F$9:$F$999"),IF($B5="","*",$B5),INDIRECT(TEXT(DATE(Stammdaten!$D$9,COLUMN()-COLUMN($E5)+1,1),"MMM")&"!$G$9:$G$999"),IF($C5="","*",$C5)))))*24 -> 0 | K5: =IF(AND($B5="",$C5=""),0,IF($C5="",SUMIFS(INDIRECT(TEXT(DATE(Stammdaten!$D$9,COLUMN()-COLUMN($E5)+1,1),"MMM")&"!$L$9:$L$999"),INDIRECT(TEXT(DATE(Stammdaten!$D$9,COLUMN()-COLUMN($E5)+1,1),"MMM")&"!$F$9:$F$999"),$B5),IF($B5="",SUMIFS(INDIRECT(TEXT(DATE(Stammdaten!$D$9,COLUMN()-COLUMN($E5)+1,1),"MMM")&"!$L$9:$L$999"),INDIRECT(TEXT(DATE(Stammdaten!$D$9,COLUMN()-COLUMN($E5)+1,1),"MMM")&"!$G$9:$G$999"),$C5),SUMIFS(INDIRECT(TEXT(DATE(Stammdaten!$D$9,COLUMN()-COLUMN($E5)+1,1),"MMM")&"!$L$9:$L$999"),INDIRECT(TEXT(DATE(Stammdaten!$D$9,COLUMN()-COLUMN($E5)+1,1),"MMM")&"!$F$9:$F$999"),IF($B5="","*",$B5),INDIRECT(TEXT(DATE(Stammdaten!$D$9,COLUMN()-COLUMN($E5)+1,1),"MMM")&"!$G$9:$G$999"),IF($C5="","*",$C5)))))*24 -> 0 | L5: =IF(AND($B5="",$C5=""),0,IF($C5="",SUMIFS(INDIRECT(TEXT(DATE(Stammdaten!$D$9,COLUMN()-COLUMN($E5)+1,1),"MMM")&"!$L$9:$L$999"),INDIRECT(TEXT(DATE(Stammdaten!$D$9,COLUMN()-COLUMN($E5)+1,1),"MMM")&"!$F$9:$F$999"),$B5),IF($B5="",SUMIFS(INDIRECT(TEXT(DATE(Stammdaten!$D$9,COLUMN()-COLUMN($E5)+1,1),"MMM")&"!$L$9:$L$999"),INDIRECT(TEXT(DATE(Stammdaten!$D$9,COLUMN()-COLUMN($E5)+1,1),"MMM")&"!$G$9:$G$999"),$C5),SUMIFS(INDIRECT(TEXT(DATE(Stammdaten!$D$9,COLUMN()-COLUMN($E5)+1,1),"MMM")&"!$L$9:$L$999"),INDIRECT(TEXT(DATE(Stammdaten!$D$9,COLUMN()-COLUMN($E5)+1,1),"MMM")&"!$F$9:$F$999"),IF($B5="","*",$B5),INDIRECT(TEXT(DATE(Stammdaten!$D$9,COLUMN()-COLUMN($E5)+1,1),"MMM")&"!$G$9:$G$999"),IF($C5="","*",$C5)))))*24 -> 0 | ... P5: =IF(AND($B5="",$C5=""),0,IF($C5="",SUMIFS(INDIRECT(TEXT(DATE(Stammdaten!$D$9,COLUMN()-COLUMN($E5)+1,1),"MMM")&"!$L$9:$L$999"),INDIRECT(TEXT(DATE(Stammdaten!$D$9,COLUMN()-COLUMN($E5)+1,1),"MMM")&"!$F$9:$F$999"),$B5),IF($B5="",SUMIFS(INDIRECT(TEXT(DATE(Stammdaten!$D$9,COLUMN()-COLUMN($E5)+1,1),"MMM")&"!$L$9:$L$999"),INDIRECT(TEXT(DATE(Stammdaten!$D$9,COLUMN()-COLUMN($E5)+1,1),"MMM")&"!$G$9:$G$999"),$C5),SUMIFS(INDIRECT(TEXT(DATE(Stammdaten!$D$9,COLUMN()-COLUMN($E5)+1,1),"MMM")&"!$L$9:$L$999"),INDIRECT(TEXT(DATE(Stammdaten!$D$9,COLUMN()-COLUMN($E5)+1,1),"MMM")&"!$F$9:$F$999"),IF($B5="","*",$B5),INDIRECT(TEXT(DATE(Stammdaten!$D$9,COLUMN()-COLUMN($E5)+1,1),"MMM")&"!$G$9:$G$999"),IF($C5="","*",$C5)))))*24 -> 0 | Q5: =SUM(E5:P5) -> 0 | R5: =IF(D5="",Q5,D5-Q5) -> 0
E6: =IF(AND($B6="",$C6=""),0,IF($C6="",SUMIFS(INDIRECT(TEXT(DATE(Stammdaten!$D$9,COLUMN()-COLUMN($E6)+1,1),"MMM")&"!$L$9:$L$999"),INDIRECT(TEXT(DATE(Stammdaten!$D$9,COLUMN()-COLUMN($E6)+1,1),"MMM")&"!$F$9:$F$999"),$B6),IF($B6="",SUMIFS(INDIRECT(TEXT(DATE(Stammdaten!$D$9,COLUMN()-COLUMN($E6)+1,1),"MMM")&"!$L$9:$L$999"),INDIRECT(TEXT(DATE(Stammdaten!$D$9,COLUMN()-COLUMN($E6)+1,1),"MMM")&"!$G$9:$G$999"),$C6),SUMIFS(INDIRECT(TEXT(DATE(Stammdaten!$D$9,COLUMN()-COLUMN($E6)+1,1),"MMM")&"!$L$9:$L$999"),INDIRECT(TEXT(DATE(Stammdaten!$D$9,COLUMN()-COLUMN($E6)+1,1),"MMM")&"!$F$9:$F$999"),IF($B6="","*",$B6),INDIRECT(TEXT(DATE(Stammdaten!$D$9,COLUMN()-COLUMN($E6)+1,1),"MMM")&"!$G$9:$G$999"),IF($C6="","*",$C6)))))*24 -> 0 | F6: =IF(AND($B6="",$C6=""),0,IF($C6="",SUMIFS(INDIRECT(TEXT(DATE(Stammdaten!$D$9,COLUMN()-COLUMN($E6)+1,1),"MMM")&"!$L$9:$L$999"),INDIRECT(TEXT(DATE(Stammdaten!$D$9,COLUMN()-COLUMN($E6)+1,1),"MMM")&"!$F$9:$F$999"),$B6),IF($B6="",SUMIFS(INDIRECT(TEXT(DATE(Stammdaten!$D$9,COLUMN()-COLUMN($E6)+1,1),"MMM")&"!$L$9:$L$999"),INDIRECT(TEXT(DATE(Stammdaten!$D$9,COLUMN()-COLUMN($E6)+1,1),"MMM")&"!$G$9:$G$999"),$C6),SUMIFS(INDIRECT(TEXT(DATE(Stammdaten!$D$9,COLUMN()-COLUMN($E6)+1,1),"MMM")&"!$L$9:$L$999"),INDIRECT(TEXT(DATE(Stammdaten!$D$9,COLUMN()-COLUMN($E6)+1,1),"MMM")&"!$F$9:$F$999"),IF($B6="","*",$B6),INDIRECT(TEXT(DATE(Stammdaten!$D$9,COLUMN()-COLUMN($E6)+1,1),"MMM")&"!$G$9:$G$999"),IF($C6="","*",$C6)))))*24 -> 0 | G6: =IF(AND($B6="",$C6=""),0,IF($C6="",SUMIFS(INDIRECT(TEXT(DATE(Stammdaten!$D$9,COLUMN()-COLUMN($E6)+1,1),"MMM")&"!$L$9:$L$999"),INDIRECT(TEXT(DATE(Stammdaten!$D$9,COLUMN()-COLUMN($E6)+1,1),"MMM")&"!$F$9:$F$999"),$B6),IF($B6="",SUMIFS(INDIRECT(TEXT(DATE(Stammdaten!$D$9,COLUMN()-COLUMN($E6)+1,1),"MMM")&"!$L$9:$L$999"),INDIRECT(TEXT(DATE(Stammdaten!$D$9,COLUMN()-COLUMN($E6)+1,1),"MMM")&"!$G$9:$G$999"),$C6),SUMIFS(INDIRECT(TEXT(DATE(Stammdaten!$D$9,COLUMN()-COLUMN($E6)+1,1),"MMM")&"!$L$9:$L$999"),INDIRECT(TEXT(DATE(Stammdaten!$D$9,COLUMN()-COLUMN($E6)+1,1),"MMM")&"!$F$9:$F$999"),IF($B6="","*",$B6),INDIRECT(TEXT(DATE(Stammdaten!$D$9,COLUMN()-COLUMN($E6)+1,1),"MMM")&"!$G$9:$G$999"),IF($C6="","*",$C6)))))*24 -> 0 | H6: =IF(AND($B6="",$C6=""),0,IF($C6="",SUMIFS(INDIRECT(TEXT(DATE(Stammdaten!$D$9,COLUMN()-COLUMN($E6)+1,1),"MMM")&"!$L$9:$L$999"),INDIRECT(TEXT(DATE(Stammdaten!$D$9,COLUMN()-COLUMN($E6)+1,1),"MMM")&"!$F$9:$F$999"),$B6),IF($B6="",SUMIFS(INDIRECT(TEXT(DATE(Stammdaten!$D$9,COLUMN()-COLUMN($E6)+1,1),"MMM")&"!$L$9:$L$999"),INDIRECT(TEXT(DATE(Stammdaten!$D$9,COLUMN()-COLUMN($E6)+1,1),"MMM")&"!$G$9:$G$999"),$C6),SUMIFS(INDIRECT(TEXT(DATE(Stammdaten!$D$9,COLUMN()-COLUMN($E6)+1,1),"MMM")&"!$L$9:$L$999"),INDIRECT(TEXT(DATE(Stammdaten!$D$9,COLUMN()-COLUMN($E6)+1,1),"MMM")&"!$F$9:$F$999"),IF($B6="","*",$B6),INDIRECT(TEXT(DATE(Stammdaten!$D$9,COLUMN()-COLUMN($E6)+1,1),"MMM")&"!$G$9:$G$999"),IF($C6="","*",$C6)))))*24 -> 0 | I6: =IF(AND($B6="",$C6=""),0,IF($C6="",SUMIFS(INDIRECT(TEXT(DATE(Stammdaten!$D$9,COLUMN()-COLUMN($E6)+1,1),"MMM")&"!$L$9:$L$999"),INDIRECT(TEXT(DATE(Stammdaten!$D$9,COLUMN()-COLUMN($E6)+1,1),"MMM")&"!$F$9:$F$999"),$B6),IF($B6="",SUMIFS(INDIRECT(TEXT(DATE(Stammdaten!$D$9,COLUMN()-COLUMN($E6)+1,1),"MMM")&"!$L$9:$L$999"),INDIRECT(TEXT(DATE(Stammdaten!$D$9,COLUMN()-COLUMN($E6)+1,1),"MMM")&"!$G$9:$G$999"),$C6),SUMIFS(INDIRECT(TEXT(DATE(Stammdaten!$D$9,COLUMN()-COLUMN($E6)+1,1),"MMM")&"!$L$9:$L$999"),INDIRECT(TEXT(DATE(Stammdaten!$D$9,COLUMN()-COLUMN($E6)+1,1),"MMM")&"!$F$9:$F$999"),IF($B6="","*",$B6),INDIRECT(TEXT(DATE(Stammdaten!$D$9,COLUMN()-COLUMN($E6)+1,1),"MMM")&"!$G$9:$G$999"),IF($C6="","*",$C6)))))*24 -> 0 | J6: =IF(AND($B6="",$C6=""),0,IF($C6="",SUMIFS(INDIRECT(TEXT(DATE(Stammdaten!$D$9,COLUMN()-COLUMN($E6)+1,1),"MMM")&"!$L$9:$L$999"),INDIRECT(TEXT(DATE(Stammdaten!$D$9,COLUMN()-COLUMN($E6)+1,1),"MMM")&"!$F$9:$F$999"),$B6),IF($B6="",SUMIFS(INDIRECT(TEXT(DATE(Stammdaten!$D$9,COLUMN()-COLUMN($E6)+1,1),"MMM")&"!$L$9:$L$999"),INDIRECT(TEXT(DATE(Stammdaten!$D$9,COLUMN()-COLUMN($E6)+1,1),"MMM")&"!$G$9:$G$999"),$C6),SUMIFS(INDIRECT(TEXT(DATE(Stammdaten!$D$9,COLUMN()-COLUMN($E6)+1,1),"MMM")&"!$L$9:$L$999"),INDIRECT(TEXT(DATE(Stammdaten!$D$9,COLUMN()-COLUMN($E6)+1,1),"MMM")&"!$F$9:$F$999"),IF($B6="","*",$B6),INDIRECT(TEXT(DATE(Stammdaten!$D$9,COLUMN()-COLUMN($E6)+1,1),"MMM")&"!$G$9:$G$999"),IF($C6="","*",$C6)))))*24 -> 0 | K6: =IF(AND($B6="",$C6=""),0,IF($C6="",SUMIFS(INDIRECT(TEXT(DATE(Stammdaten!$D$9,COLUMN()-COLUMN($E6)+1,1),"MMM")&"!$L$9:$L$999"),INDIRECT(TEXT(DATE(Stammdaten!$D$9,COLUMN()-COLUMN($E6)+1,1),"MMM")&"!$F$9:$F$999"),$B6),IF($B6="",SUMIFS(INDIRECT(TEXT(DATE(Stammdaten!$D$9,COLUMN()-COLUMN($E6)+1,1),"MMM")&"!$L$9:$L$999"),INDIRECT(TEXT(DATE(Stammdaten!$D$9,COLUMN()-COLUMN($E6)+1,1),"MMM")&"!$G$9:$G$999"),$C6),SUMIFS(INDIRECT(TEXT(DATE(Stammdaten!$D$9,COLUMN()-COLUMN($E6)+1,1),"MMM")&"!$L$9:$L$999"),INDIRECT(TEXT(DATE(Stammdaten!$D$9,COLUMN()-COLUMN($E6)+1,1),"MMM")&"!$F$9:$F$999"),IF($B6="","*",$B6),INDIRECT(TEXT(DATE(Stammdaten!$D$9,COLUMN()-COLUMN($E6)+1,1),"MMM")&"!$G$9:$G$999"),IF($C6="","*",$C6)))))*24 -> 0 | L6: =IF(AND($B6="",$C6=""),0,IF($C6="",SUMIFS(INDIRECT(TEXT(DATE(Stammdaten!$D$9,COLUMN()-COLUMN($E6)+1,1),"MMM")&"!$L$9:$L$999"),INDIRECT(TEXT(DATE(Stammdaten!$D$9,COLUMN()-COLUMN($E6)+1,1),"MMM")&"!$F$9:$F$999"),$B6),IF($B6="",SUMIFS(INDIRECT(TEXT(DATE(Stammdaten!$D$9,COLUMN()-COLUMN($E6)+1,1),"MMM")&"!$L$9:$L$999"),INDIRECT(TEXT(DATE(Stammdaten!$D$9,COLUMN()-COLUMN($E6)+1,1),"MMM")&"!$G$9:$G$999"),$C6),SUMIFS(INDIRECT(TEXT(DATE(Stammdaten!$D$9,COLUMN()-COLUMN($E6)+1,1),"MMM")&"!$L$9:$L$999"),INDIRECT(TEXT(DATE(Stammdaten!$D$9,COLUMN()-COLUMN($E6)+1,1),"MMM")&"!$F$9:$F$999"),IF($B6="","*",$B6),INDIRECT(TEXT(DATE(Stammdaten!$D$9,COLUMN()-COLUMN($E6)+1,1),"MMM")&"!$G$9:$G$999"),IF($C6="","*",$C6)))))*24 -> 0 | ... P6: =IF(AND($B6="",$C6=""),0,IF($C6="",SUMIFS(INDIRECT(TEXT(DATE(Stammdaten!$D$9,COLUMN()-COLUMN($E6)+1,1),"MMM")&"!$L$9:$L$999"),INDIRECT(TEXT(DATE(Stammdaten!$D$9,COLUMN()-COLUMN($E6)+1,1),"MMM")&"!$F$9:$F$999"),$B6),IF($B6="",SUMIFS(INDIRECT(TEXT(DATE(Stammdaten!$D$9,COLUMN()-COLUMN($E6)+1,1),"MMM")&"!$L$9:$L$999"),INDIRECT(TEXT(DATE(Stammdaten!$D$9,COLUMN()-COLUMN($E6)+1,1),"MMM")&"!$G$9:$G$999"),$C6),SUMIFS(INDIRECT(TEXT(DATE(Stammdaten!$D$9,COLUMN()-COLUMN($E6)+1,1),"MMM")&"!$L$9:$L$999"),INDIRECT(TEXT(DATE(Stammdaten!$D$9,COLUMN()-COLUMN($E6)+1,1),"MMM")&"!$F$9:$F$999"),IF($B6="","*",$B6),INDIRECT(TEXT(DATE(Stammdaten!$D$9,COLUMN()-COLUMN($E6)+1,1),"MMM")&"!$G$9:$G$999"),IF($C6="","*",$C6)))))*24 -> 0 | Q6: =SUM(E6:P6) -> 0 | R6: =IF(D6="",Q6,D6-Q6) -> 0
E7: =IF(AND($B7="",$C7=""),0,IF($C7="",SUMIFS(INDIRECT(TEXT(DATE(Stammdaten!$D$9,COLUMN()-COLUMN($E7)+1,1),"MMM")&"!$L$9:$L$999"),INDIRECT(TEXT(DATE(Stammdaten!$D$9,COLUMN()-COLUMN($E7)+1,1),"MMM")&"!$F$9:$F$999"),$B7),IF($B7="",SUMIFS(INDIRECT(TEXT(DATE(Stammdaten!$D$9,COLUMN()-COLUMN($E7)+1,1),"MMM")&"!$L$9:$L$999"),INDIRECT(TEXT(DATE(Stammdaten!$D$9,COLUMN()-COLUMN($E7)+1,1),"MMM")&"!$G$9:$G$999"),$C7),SUMIFS(INDIRECT(TEXT(DATE(Stammdaten!$D$9,COLUMN()-COLUMN($E7)+1,1),"MMM")&"!$L$9:$L$999"),INDIRECT(TEXT(DATE(Stammdaten!$D$9,COLUMN()-COLUMN($E7)+1,1),"MMM")&"!$F$9:$F$999"),IF($B7="","*",$B7),INDIRECT(TEXT(DATE(Stammdaten!$D$9,COLUMN()-COLUMN($E7)+1,1),"MMM")&"!$G$9:$G$999"),IF($C7="","*",$C7)))))*24 -> 0 | F7: =IF(AND($B7="",$C7=""),0,IF($C7="",SUMIFS(INDIRECT(TEXT(DATE(Stammdaten!$D$9,COLUMN()-COLUMN($E7)+1,1),"MMM")&"!$L$9:$L$999"),INDIRECT(TEXT(DATE(Stammdaten!$D$9,COLUMN()-COLUMN($E7)+1,1),"MMM")&"!$F$9:$F$999"),$B7),IF($B7="",SUMIFS(INDIRECT(TEXT(DATE(Stammdaten!$D$9,COLUMN()-COLUMN($E7)+1,1),"MMM")&"!$L$9:$L$999"),INDIRECT(TEXT(DATE(Stammdaten!$D$9,COLUMN()-COLUMN($E7)+1,1),"MMM")&"!$G$9:$G$999"),$C7),SUMIFS(INDIRECT(TEXT(DATE(Stammdaten!$D$9,COLUMN()-COLUMN($E7)+1,1),"MMM")&"!$L$9:$L$999"),INDIRECT(TEXT(DATE(Stammdaten!$D$9,COLUMN()-COLUMN($E7)+1,1),"MMM")&"!$F$9:$F$999"),IF($B7="","*",$B7),INDIRECT(TEXT(DATE(Stammdaten!$D$9,COLUMN()-COLUMN($E7)+1,1),"MMM")&"!$G$9:$G$999"),IF($C7="","*",$C7)))))*24 -> 0 | G7: =IF(AND($B7="",$C7=""),0,IF($C7="",SUMIFS(INDIRECT(TEXT(DATE(Stammdaten!$D$9,COLUMN()-COLUMN($E7)+1,1),"MMM")&"!$L$9:$L$999"),INDIRECT(TEXT(DATE(Stammdaten!$D$9,COLUMN()-COLUMN($E7)+1,1),"MMM")&"!$F$9:$F$999"),$B7),IF($B7="",SUMIFS(INDIRECT(TEXT(DATE(Stammdaten!$D$9,COLUMN()-COLUMN($E7)+1,1),"MMM")&"!$L$9:$L$999"),INDIRECT(TEXT(DATE(Stammdaten!$D$9,COLUMN()-COLUMN($E7)+1,1),"MMM")&"!$G$9:$G$999"),$C7),SUMIFS(INDIRECT(TEXT(DATE(Stammdaten!$D$9,COLUMN()-COLUMN($E7)+1,1),"MMM")&"!$L$9:$L$999"),INDIRECT(TEXT(DATE(Stammdaten!$D$9,COLUMN()-COLUMN($E7)+1,1),"MMM")&"!$F$9:$F$999"),IF($B7="","*",$B7),INDIRECT(TEXT(DATE(Stammdaten!$D$9,COLUMN()-COLUMN($E7)+1,1),"MMM")&"!$G$9:$G$999"),IF($C7="","*",$C7)))))*24 -> 0 | H7: =IF(AND($B7="",$C7=""),0,IF($C7="",SUMIFS(INDIRECT(TEXT(DATE(Stammdaten!$D$9,COLUMN()-COLUMN($E7)+1,1),"MMM")&"!$L$9:$L$999"),INDIRECT(TEXT(DATE(Stammdaten!$D$9,COLUMN()-COLUMN($E7)+1,1),"MMM")&"!$F$9:$F$999"),$B7),IF($B7="",SUMIFS(INDIRECT(TEXT(DATE(Stammdaten!$D$9,COLUMN()-COLUMN($E7)+1,1),"MMM")&"!$L$9:$L$999"),INDIRECT(TEXT(DATE(Stammdaten!$D$9,COLUMN()-COLUMN($E7)+1,1),"MMM")&"!$G$9:$G$999"),$C7),SUMIFS(INDIRECT(TEXT(DATE(Stammdaten!$D$9,COLUMN()-COLUMN($E7)+1,1),"MMM")&"!$L$9:$L$999"),INDIRECT(TEXT(DATE(Stammdaten!$D$9,COLUMN()-COLUMN($E7)+1,1),"MMM")&"!$F$9:$F$999"),IF($B7="","*",$B7),INDIRECT(TEXT(DATE(Stammdaten!$D$9,COLUMN()-COLUMN($E7)+1,1),"MMM")&"!$G$9:$G$999"),IF($C7="","*",$C7)))))*24 -> 0 | I7: =IF(AND($B7="",$C7=""),0,IF($C7="",SUMIFS(INDIRECT(TEXT(DATE(Stammdaten!$D$9,COLUMN()-COLUMN($E7)+1,1),"MMM")&"!$L$9:$L$999"),INDIRECT(TEXT(DATE(Stammdaten!$D$9,COLUMN()-COLUMN($E7)+1,1),"MMM")&"!$F$9:$F$999"),$B7),IF($B7="",SUMIFS(INDIRECT(TEXT(DATE(Stammdaten!$D$9,COLUMN()-COLUMN($E7)+1,1),"MMM")&"!$L$9:$L$999"),INDIRECT(TEXT(DATE(Stammdaten!$D$9,COLUMN()-COLUMN($E7)+1,1),"MMM")&"!$G$9:$G$999"),$C7),SUMIFS(INDIRECT(TEXT(DATE(Stammdaten!$D$9,COLUMN()-COLUMN($E7)+1,1),"MMM")&"!$L$9:$L$999"),INDIRECT(TEXT(DATE(Stammdaten!$D$9,COLUMN()-COLUMN($E7)+1,1),"MMM")&"!$F$9:$F$999"),IF($B7="","*",$B7),INDIRECT(TEXT(DATE(Stammdaten!$D$9,COLUMN()-COLUMN($E7)+1,1),"MMM")&"!$G$9:$G$999"),IF($C7="","*",$C7)))))*24 -> 0 | J7: =IF(AND($B7="",$C7=""),0,IF($C7="",SUMIFS(INDIRECT(TEXT(DATE(Stammdaten!$D$9,COLUMN()-COLUMN($E7)+1,1),"MMM")&"!$L$9:$L$999"),INDIRECT(TEXT(DATE(Stammdaten!$D$9,COLUMN()-COLUMN($E7)+1,1),"MMM")&"!$F$9:$F$999"),$B7),IF($B7="",SUMIFS(INDIRECT(TEXT(DATE(Stammdaten!$D$9,COLUMN()-COLUMN($E7)+1,1),"MMM")&"!$L$9:$L$999"),INDIRECT(TEXT(DATE(Stammdaten!$D$9,COLUMN()-COLUMN($E7)+1,1),"MMM")&"!$G$9:$G$999"),$C7),SUMIFS(INDIRECT(TEXT(DATE(Stammdaten!$D$9,COLUMN()-COLUMN($E7)+1,1),"MMM")&"!$L$9:$L$999"),INDIRECT(TEXT(DATE(Stammdaten!$D$9,COLUMN()-COLUMN($E7)+1,1),"MMM")&"!$F$9:$F$999"),IF($B7="","*",$B7),INDIRECT(TEXT(DATE(Stammdaten!$D$9,COLUMN()-COLUMN($E7)+1,1),"MMM")&"!$G$9:$G$999"),IF($C7="","*",$C7)))))*24 -> 0 | K7: =IF(AND($B7="",$C7=""),0,IF($C7="",SUMIFS(INDIRECT(TEXT(DATE(Stammdaten!$D$9,COLUMN()-COLUMN($E7)+1,1),"MMM")&"!$L$9:$L$999"),INDIRECT(TEXT(DATE(Stammdaten!$D$9,COLUMN()-COLUMN($E7)+1,1),"MMM")&"!$F$9:$F$999"),$B7),IF($B7="",SUMIFS(INDIRECT(TEXT(DATE(Stammdaten!$D$9,COLUMN()-COLUMN($E7)+1,1),"MMM")&"!$L$9:$L$999"),INDIRECT(TEXT(DATE(Stammdaten!$D$9,COLUMN()-COLUMN($E7)+1,1),"MMM")&"!$G$9:$G$999"),$C7),SUMIFS(INDIRECT(TEXT(DATE(Stammdaten!$D$9,COLUMN()-COLUMN($E7)+1,1),"MMM")&"!$L$9:$L$999"),INDIRECT(TEXT(DATE(Stammdaten!$D$9,COLUMN()-COLUMN($E7)+1,1),"MMM")&"!$F$9:$F$999"),IF($B7="","*",$B7),INDIRECT(TEXT(DATE(Stammdaten!$D$9,COLUMN()-COLUMN($E7)+1,1),"MMM")&"!$G$9:$G$999"),IF($C7="","*",$C7)))))*24 -> 0 | L7: =IF(AND($B7="",$C7=""),0,IF($C7="",SUMIFS(INDIRECT(TEXT(DATE(Stammdaten!$D$9,COLUMN()-COLUMN($E7)+1,1),"MMM")&"!$L$9:$L$999"),INDIRECT(TEXT(DATE(Stammdaten!$D$9,COLUMN()-COLUMN($E7)+1,1),"MMM")&"!$F$9:$F$999"),$B7),IF($B7="",SUMIFS(INDIRECT(TEXT(DATE(Stammdaten!$D$9,COLUMN()-COLUMN($E7)+1,1),"MMM")&"!$L$9:$L$999"),INDIRECT(TEXT(DATE(Stammdaten!$D$9,COLUMN()-COLUMN($E7)+1,1),"MMM")&"!$G$9:$G$999"),$C7),SUMIFS(INDIRECT(TEXT(DATE(Stammdaten!$D$9,COLUMN()-COLUMN($E7)+1,1),"MMM")&"!$L$9:$L$999"),INDIRECT(TEXT(DATE(Stammdaten!$D$9,COLUMN()-COLUMN($E7)+1,1),"MMM")&"!$F$9:$F$999"),IF($B7="","*",$B7),INDIRECT(TEXT(DATE(Stammdaten!$D$9,COLUMN()-COLUMN($E7)+1,1),"MMM")&"!$G$9:$G$999"),IF($C7="","*",$C7)))))*24 -> 0 | ... P7: =IF(AND($B7="",$C7=""),0,IF($C7="",SUMIFS(INDIRECT(TEXT(DATE(Stammdaten!$D$9,COLUMN()-COLUMN($E7)+1,1),"MMM")&"!$L$9:$L$999"),INDIRECT(TEXT(DATE(Stammdaten!$D$9,COLUMN()-COLUMN($E7)+1,1),"MMM")&"!$F$9:$F$999"),$B7),IF($B7="",SUMIFS(INDIRECT(TEXT(DATE(Stammdaten!$D$9,COLUMN()-COLUMN($E7)+1,1),"MMM")&"!$L$9:$L$999"),INDIRECT(TEXT(DATE(Stammdaten!$D$9,COLUMN()-COLUMN($E7)+1,1),"MMM")&"!$G$9:$G$999"),$C7),SUMIFS(INDIRECT(TEXT(DATE(Stammdaten!$D$9,COLUMN()-COLUMN($E7)+1,1),"MMM")&"!$L$9:$L$999"),INDIRECT(TEXT(DATE(Stammdaten!$D$9,COLUMN()-COLUMN($E7)+1,1),"MMM")&"!$F$9:$F$999"),IF($B7="","*",$B7),INDIRECT(TEXT(DATE(Stammdaten!$D$9,COLUMN()-COLUMN($E7)+1,1),"MMM")&"!$G$9:$G$999"),IF($C7="","*",$C7)))))*24 -> 0 | Q7: =SUM(E7:P7) -> 0 | R7: =IF(D7="",Q7,D7-Q7) -> 0
E8: =IF(AND($B8="",$C8=""),0,IF($C8="",SUMIFS(INDIRECT(TEXT(DATE(Stammdaten!$D$9,COLUMN()-COLUMN($E8)+1,1),"MMM")&"!$L$9:$L$999"),INDIRECT(TEXT(DATE(Stammdaten!$D$9,COLUMN()-COLUMN($E8)+1,1),"MMM")&"!$F$9:$F$999"),$B8),IF($B8="",SUMIFS(INDIRECT(TEXT(DATE(Stammdaten!$D$9,COLUMN()-COLUMN($E8)+1,1),"MMM")&"!$L$9:$L$999"),INDIRECT(TEXT(DATE(Stammdaten!$D$9,COLUMN()-COLUMN($E8)+1,1),"MMM")&"!$G$9:$G$999"),$C8),SUMIFS(INDIRECT(TEXT(DATE(Stammdaten!$D$9,COLUMN()-COLUMN($E8)+1,1),"MMM")&"!$L$9:$L$999"),INDIRECT(TEXT(DATE(Stammdaten!$D$9,COLUMN()-COLUMN($E8)+1,1),"MMM")&"!$F$9:$F$999"),IF($B8="","*",$B8),INDIRECT(TEXT(DATE(Stammdaten!$D$9,COLUMN()-COLUMN($E8)+1,1),"MMM")&"!$G$9:$G$999"),IF($C8="","*",$C8)))))*24 -> 0 | F8: =IF(AND($B8="",$C8=""),0,IF($C8="",SUMIFS(INDIRECT(TEXT(DATE(Stammdaten!$D$9,COLUMN()-COLUMN($E8)+1,1),"MMM")&"!$L$9:$L$999"),INDIRECT(TEXT(DATE(Stammdaten!$D$9,COLUMN()-COLUMN($E8)+1,1),"MMM")&"!$F$9:$F$999"),$B8),IF($B8="",SUMIFS(INDIRECT(TEXT(DATE(Stammdaten!$D$9,COLUMN()-COLUMN($E8)+1,1),"MMM")&"!$L$9:$L$999"),INDIRECT(TEXT(DATE(Stammdaten!$D$9,COLUMN()-COLUMN($E8)+1,1),"MMM")&"!$G$9:$G$999"),$C8),SUMIFS(INDIRECT(TEXT(DATE(Stammdaten!$D$9,COLUMN()-COLUMN($E8)+1,1),"MMM")&"!$L$9:$L$999"),INDIRECT(TEXT(DATE(Stammdaten!$D$9,COLUMN()-COLUMN($E8)+1,1),"MMM")&"!$F$9:$F$999"),IF($B8="","*",$B8),INDIRECT(TEXT(DATE(Stammdaten!$D$9,COLUMN()-COLUMN($E8)+1,1),"MMM")&"!$G$9:$G$999"),IF($C8="","*",$C8)))))*24 -> 0 | G8: =IF(AND($B8="",$C8=""),0,IF($C8="",SUMIFS(INDIRECT(TEXT(DATE(Stammdaten!$D$9,COLUMN()-COLUMN($E8)+1,1),"MMM")&"!$L$9:$L$999"),INDIRECT(TEXT(DATE(Stammdaten!$D$9,COLUMN()-COLUMN($E8)+1,1),"MMM")&"!$F$9:$F$999"),$B8),IF($B8="",SUMIFS(INDIRECT(TEXT(DATE(Stammdaten!$D$9,COLUMN()-COLUMN($E8)+1,1),"MMM")&"!$L$9:$L$999"),INDIRECT(TEXT(DATE(Stammdaten!$D$9,COLUMN()-COLUMN($E8)+1,1),"MMM")&"!$G$9:$G$999"),$C8),SUMIFS(INDIRECT(TEXT(DATE(Stammdaten!$D$9,COLUMN()-COLUMN($E8)+1,1),"MMM")&"!$L$9:$L$999"),INDIRECT(TEXT(DATE(Stammdaten!$D$9,COLUMN()-COLUMN($E8)+1,1),"MMM")&"!$F$9:$F$999"),IF($B8="","*",$B8),INDIRECT(TEXT(DATE(Stammdaten!$D$9,COLUMN()-COLUMN($E8)+1,1),"MMM")&"!$G$9:$G$999"),IF($C8="","*",$C8)))))*24 -> 0 | H8: =IF(AND($B8="",$C8=""),0,IF($C8="",SUMIFS(INDIRECT(TEXT(DATE(Stammdaten!$D$9,COLUMN()-COLUMN($E8)+1,1),"MMM")&"!$L$9:$L$999"),INDIRECT(TEXT(DATE(Stammdaten!$D$9,COLUMN()-COLUMN($E8)+1,1),"MMM")&"!$F$9:$F$999"),$B8),IF($B8="",SUMIFS(INDIRECT(TEXT(DATE(Stammdaten!$D$9,COLUMN()-COLUMN($E8)+1,1),"MMM")&"!$L$9:$L$999"),INDIRECT(TEXT(DATE(Stammdaten!$D$9,COLUMN()-COLUMN($E8)+1,1),"MMM")&"!$G$9:$G$999"),$C8),SUMIFS(INDIRECT(TEXT(DATE(Stammdaten!$D$9,COLUMN()-COLUMN($E8)+1,1),"MMM")&"!$L$9:$L$999"),INDIRECT(TEXT(DATE(Stammdaten!$D$9,COLUMN()-COLUMN($E8)+1,1),"MMM")&"!$F$9:$F$999"),IF($B8="","*",$B8),INDIRECT(TEXT(DATE(Stammdaten!$D$9,COLUMN()-COLUMN($E8)+1,1),"MMM")&"!$G$9:$G$999"),IF($C8="","*",$C8)))))*24 -> 0 | I8: =IF(AND($B8="",$C8=""),0,IF($C8="",SUMIFS(INDIRECT(TEXT(DATE(Stammdaten!$D$9,COLUMN()-COLUMN($E8)+1,1),"MMM")&"!$L$9:$L$999"),INDIRECT(TEXT(DATE(Stammdaten!$D$9,COLUMN()-COLUMN($E8)+1,1),"MMM")&"!$F$9:$F$999"),$B8),IF($B8="",SUMIFS(INDIRECT(TEXT(DATE(Stammdaten!$D$9,COLUMN()-COLUMN($E8)+1,1),"MMM")&"!$L$9:$L$999"),INDIRECT(TEXT(DATE(Stammdaten!$D$9,COLUMN()-COLUMN($E8)+1,1),"MMM")&"!$G$9:$G$999"),$C8),SUMIFS(INDIRECT(TEXT(DATE(Stammdaten!$D$9,COLUMN()-COLUMN($E8)+1,1),"MMM")&"!$L$9:$L$999"),INDIRECT(TEXT(DATE(Stammdaten!$D$9,COLUMN()-COLUMN($E8)+1,1),"MMM")&"!$F$9:$F$999"),IF($B8="","*",$B8),INDIRECT(TEXT(DATE(Stammdaten!$D$9,COLUMN()-COLUMN($E8)+1,1),"MMM")&"!$G$9:$G$999"),IF($C8="","*",$C8)))))*24 -> 0 | J8: =IF(AND($B8="",$C8=""),0,IF($C8="",SUMIFS(INDIRECT(TEXT(DATE(Stammdaten!$D$9,COLUMN()-COLUMN($E8)+1,1),"MMM")&"!$L$9:$L$999"),INDIRECT(TEXT(DATE(Stammdaten!$D$9,COLUMN()-COLUMN($E8)+1,1),"MMM")&"!$F$9:$F$999"),$B8),IF($B8="",SUMIFS(INDIRECT(TEXT(DATE(Stammdaten!$D$9,COLUMN()-COLUMN($E8)+1,1),"MMM")&"!$L$9:$L$999"),INDIRECT(TEXT(DATE(Stammdaten!$D$9,COLUMN()-COLUMN($E8)+1,1),"MMM")&"!$G$9:$G$999"),$C8),SUMIFS(INDIRECT(TEXT(DATE(Stammdaten!$D$9,COLUMN()-COLUMN($E8)+1,1),"MMM")&"!$L$9:$L$999"),INDIRECT(TEXT(DATE(Stammdaten!$D$9,COLUMN()-COLUMN($E8)+1,1),"MMM")&"!$F$9:$F$999"),IF($B8="","*",$B8),INDIRECT(TEXT(DATE(Stammdaten!$D$9,COLUMN()-COLUMN($E8)+1,1),"MMM")&"!$G$9:$G$999"),IF($C8="","*",$C8)))))*24 -> 0 | K8: =IF(AND($B8="",$C8=""),0,IF($C8="",SUMIFS(INDIRECT(TEXT(DATE(Stammdaten!$D$9,COLUMN()-COLUMN($E8)+1,1),"MMM")&"!$L$9:$L$999"),INDIRECT(TEXT(DATE(Stammdaten!$D$9,COLUMN()-COLUMN($E8)+1,1),"MMM")&"!$F$9:$F$999"),$B8),IF($B8="",SUMIFS(INDIRECT(TEXT(DATE(Stammdaten!$D$9,COLUMN()-COLUMN($E8)+1,1),"MMM")&"!$L$9:$L$999"),INDIRECT(TEXT(DATE(Stammdaten!$D$9,COLUMN()-COLUMN($E8)+1,1),"MMM")&"!$G$9:$G$999"),$C8),SUMIFS(INDIRECT(TEXT(DATE(Stammdaten!$D$9,COLUMN()-COLUMN($E8)+1,1),"MMM")&"!$L$9:$L$999"),INDIRECT(TEXT(DATE(Stammdaten!$D$9,COLUMN()-COLUMN($E8)+1,1),"MMM")&"!$F$9:$F$999"),IF($B8="","*",$B8),INDIRECT(TEXT(DATE(Stammdaten!$D$9,COLUMN()-COLUMN($E8)+1,1),"MMM")&"!$G$9:$G$999"),IF($C8="","*",$C8)))))*24 -> 0 | L8: =IF(AND($B8="",$C8=""),0,IF($C8="",SUMIFS(INDIRECT(TEXT(DATE(Stammdaten!$D$9,COLUMN()-COLUMN($E8)+1,1),"MMM")&"!$L$9:$L$999"),INDIRECT(TEXT(DATE(Stammdaten!$D$9,COLUMN()-COLUMN($E8)+1,1),"MMM")&"!$F$9:$F$999"),$B8),IF($B8="",SUMIFS(INDIRECT(TEXT(DATE(Stammdaten!$D$9,COLUMN()-COLUMN($E8)+1,1),"MMM")&"!$L$9:$L$999"),INDIRECT(TEXT(DATE(Stammdaten!$D$9,COLUMN()-COLUMN($E8)+1,1),"MMM")&"!$G$9:$G$999"),$C8),SUMIFS(INDIRECT(TEXT(DATE(Stammdaten!$D$9,COLUMN()-COLUMN($E8)+1,1),"MMM")&"!$L$9:$L$999"),INDIRECT(TEXT(DATE(Stammdaten!$D$9,COLUMN()-COLUMN($E8)+1,1),"MMM")&"!$F$9:$F$999"),IF($B8="","*",$B8),INDIRECT(TEXT(DATE(Stammdaten!$D$9,COLUMN()-COLUMN($E8)+1,1),"MMM")&"!$G$9:$G$999"),IF($C8="","*",$C8)))))*24 -> 0 | ... P8: =IF(AND($B8="",$C8=""),0,IF($C8="",SUMIFS(INDIRECT(TEXT(DATE(Stammdaten!$D$9,COLUMN()-COLUMN($E8)+1,1),"MMM")&"!$L$9:$L$999"),INDIRECT(TEXT(DATE(Stammdaten!$D$9,COLUMN()-COLUMN($E8)+1,1),"MMM")&"!$F$9:$F$999"),$B8),IF($B8="",SUMIFS(INDIRECT(TEXT(DATE(Stammdaten!$D$9,COLUMN()-COLUMN($E8)+1,1),"MMM")&"!$L$9:$L$999"),INDIRECT(TEXT(DATE(Stammdaten!$D$9,COLUMN()-COLUMN($E8)+1,1),"MMM")&"!$G$9:$G$999"),$C8),SUMIFS(INDIRECT(TEXT(DATE(Stammdaten!$D$9,COLUMN()-COLUMN($E8)+1,1),"MMM")&"!$L$9:$L$999"),INDIRECT(TEXT(DATE(Stammdaten!$D$9,COLUMN()-COLUMN($E8)+1,1),"MMM")&"!$F$9:$F$999"),IF($B8="","*",$B8),INDIRECT(TEXT(DATE(Stammdaten!$D$9,COLUMN()-COLUMN($E8)+1,1),"MMM")&"!$G$9:$G$999"),IF($C8="","*",$C8)))))*24 -> 0 | Q8: =SUM(E8:P8) -> 0 | R8: =IF(D8="",Q8,D8-Q8) -> 0
E9: =IF(AND($B9="",$C9=""),0,IF($C9="",SUMIFS(INDIRECT(TEXT(DATE(Stammdaten!$D$9,COLUMN()-COLUMN($E9)+1,1),"MMM")&"!$L$9:$L$999"),INDIRECT(TEXT(DATE(Stammdaten!$D$9,COLUMN()-COLUMN($E9)+1,1),"MMM")&"!$F$9:$F$999"),$B9),IF($B9="",SUMIFS(INDIRECT(TEXT(DATE(Stammdaten!$D$9,COLUMN()-COLUMN($E9)+1,1),"MMM")&"!$L$9:$L$999"),INDIRECT(TEXT(DATE(Stammdaten!$D$9,COLUMN()-COLUMN($E9)+1,1),"MMM")&"!$G$9:$G$999"),$C9),SUMIFS(INDIRECT(TEXT(DATE(Stammdaten!$D$9,COLUMN()-COLUMN($E9)+1,1),"MMM")&"!$L$9:$L$999"),INDIRECT(TEXT(DATE(Stammdaten!$D$9,COLUMN()-COLUMN($E9)+1,1),"MMM")&"!$F$9:$F$999"),IF($B9="","*",$B9),INDIRECT(TEXT(DATE(Stammdaten!$D$9,COLUMN()-COLUMN($E9)+1,1),"MMM")&"!$G$9:$G$999"),IF($C9="","*",$C9)))))*24 -> 0 | F9: =IF(AND($B9="",$C9=""),0,IF($C9="",SUMIFS(INDIRECT(TEXT(DATE(Stammdaten!$D$9,COLUMN()-COLUMN($E9)+1,1),"MMM")&"!$L$9:$L$999"),INDIRECT(TEXT(DATE(Stammdaten!$D$9,COLUMN()-COLUMN($E9)+1,1),"MMM")&"!$F$9:$F$999"),$B9),IF($B9="",SUMIFS(INDIRECT(TEXT(DATE(Stammdaten!$D$9,COLUMN()-COLUMN($E9)+1,1),"MMM")&"!$L$9:$L$999"),INDIRECT(TEXT(DATE(Stammdaten!$D$9,COLUMN()-COLUMN($E9)+1,1),"MMM")&"!$G$9:$G$999"),$C9),SUMIFS(INDIRECT(TEXT(DATE(Stammdaten!$D$9,COLUMN()-COLUMN($E9)+1,1),"MMM")&"!$L$9:$L$999"),INDIRECT(TEXT(DATE(Stammdaten!$D$9,COLUMN()-COLUMN($E9)+1,1),"MMM")&"!$F$9:$F$999"),IF($B9="","*",$B9),INDIRECT(TEXT(DATE(Stammdaten!$D$9,COLUMN()-COLUMN($E9)+1,1),"MMM")&"!$G$9:$G$999"),IF($C9="","*",$C9)))))*24 -> 0 | G9: =IF(AND($B9="",$C9=""),0,IF($C9="",SUMIFS(INDIRECT(TEXT(DATE(Stammdaten!$D$9,COLUMN()-COLUMN($E9)+1,1),"MMM")&"!$L$9:$L$999"),INDIRECT(TEXT(DATE(Stammdaten!$D$9,COLUMN()-COLUMN($E9)+1,1),"MMM")&"!$F$9:$F$999"),$B9),IF($B9="",SUMIFS(INDIRECT(TEXT(DATE(Stammdaten!$D$9,COLUMN()-COLUMN($E9)+1,1),"MMM")&"!$L$9:$L$999"),INDIRECT(TEXT(DATE(Stammdaten!$D$9,COLUMN()-COLUMN($E9)+1,1),"MMM")&"!$G$9:$G$999"),$C9),SUMIFS(INDIRECT(TEXT(DATE(Stammdaten!$D$9,COLUMN()-COLUMN($E9)+1,1),"MMM")&"!$L$9:$L$999"),INDIRECT(TEXT(DATE(Stammdaten!$D$9,COLUMN()-COLUMN($E9)+1,1),"MMM")&"!$F$9:$F$999"),IF($B9="","*",$B9),INDIRECT(TEXT(DATE(Stammdaten!$D$9,COLUMN()-COLUMN($E9)+1,1),"MMM")&"!$G$9:$G$999"),IF($C9="","*",$C9)))))*24 -> 0 | H9: =IF(AND($B9="",$C9=""),0,IF($C9="",SUMIFS(INDIRECT(TEXT(DATE(Stammdaten!$D$9,COLUMN()-COLUMN($E9)+1,1),"MMM")&"!$L$9:$L$999"),INDIRECT(TEXT(DATE(Stammdaten!$D$9,COLUMN()-COLUMN($E9)+1,1),"MMM")&"!$F$9:$F$999"),$B9),IF($B9="",SUMIFS(INDIRECT(TEXT(DATE(Stammdaten!$D$9,COLUMN()-COLUMN($E9)+1,1),"MMM")&"!$L$9:$L$999"),INDIRECT(TEXT(DATE(Stammdaten!$D$9,COLUMN()-COLUMN($E9)+1,1),"MMM")&"!$G$9:$G$999"),$C9),SUMIFS(INDIRECT(TEXT(DATE(Stammdaten!$D$9,COLUMN()-COLUMN($E9)+1,1),"MMM")&"!$L$9:$L$999"),INDIRECT(TEXT(DATE(Stammdaten!$D$9,COLUMN()-COLUMN($E9)+1,1),"MMM")&"!$F$9:$F$999"),IF($B9="","*",$B9),INDIRECT(TEXT(DATE(Stammdaten!$D$9,COLUMN()-COLUMN($E9)+1,1),"MMM")&"!$G$9:$G$999"),IF($C9="","*",$C9)))))*24 -> 0 | I9: =IF(AND($B9="",$C9=""),0,IF($C9="",SUMIFS(INDIRECT(TEXT(DATE(Stammdaten!$D$9,COLUMN()-COLUMN($E9)+1,1),"MMM")&"!$L$9:$L$999"),INDIRECT(TEXT(DATE(Stammdaten!$D$9,COLUMN()-COLUMN($E9)+1,1),"MMM")&"!$F$9:$F$999"),$B9),IF($B9="",SUMIFS(INDIRECT(TEXT(DATE(Stammdaten!$D$9,COLUMN()-COLUMN($E9)+1,1),"MMM")&"!$L$9:$L$999"),INDIRECT(TEXT(DATE(Stammdaten!$D$9,COLUMN()-COLUMN($E9)+1,1),"MMM")&"!$G$9:$G$999"),$C9),SUMIFS(INDIRECT(TEXT(DATE(Stammdaten!$D$9,COLUMN()-COLUMN($E9)+1,1),"MMM")&"!$L$9:$L$999"),INDIRECT(TEXT(DATE(Stammdaten!$D$9,COLUMN()-COLUMN($E9)+1,1),"MMM")&"!$F$9:$F$999"),IF($B9="","*",$B9),INDIRECT(TEXT(DATE(Stammdaten!$D$9,COLUMN()-COLUMN($E9)+1,1),"MMM")&"!$G$9:$G$999"),IF($C9="","*",$C9)))))*24 -> 0 | J9: =IF(AND($B9="",$C9=""),0,IF($C9="",SUMIFS(INDIRECT(TEXT(DATE(Stammdaten!$D$9,COLUMN()-COLUMN($E9)+1,1),"MMM")&"!$L$9:$L$999"),INDIRECT(TEXT(DATE(Stammdaten!$D$9,COLUMN()-COLUMN($E9)+1,1),"MMM")&"!$F$9:$F$999"),$B9),IF($B9="",SUMIFS(INDIRECT(TEXT(DATE(Stammdaten!$D$9,COLUMN()-COLUMN($E9)+1,1),"MMM")&"!$L$9:$L$999"),INDIRECT(TEXT(DATE(Stammdaten!$D$9,COLUMN()-COLUMN($E9)+1,1),"MMM")&"!$G$9:$G$999"),$C9),SUMIFS(INDIRECT(TEXT(DATE(Stammdaten!$D$9,COLUMN()-COLUMN($E9)+1,1),"MMM")&"!$L$9:$L$999"),INDIRECT(TEXT(DATE(Stammdaten!$D$9,COLUMN()-COLUMN($E9)+1,1),"MMM")&"!$F$9:$F$999"),IF($B9="","*",$B9),INDIRECT(TEXT(DATE(Stammdaten!$D$9,COLUMN()-COLUMN($E9)+1,1),"MMM")&"!$G$9:$G$999"),IF($C9="","*",$C9)))))*24 -> 0 | K9: =IF(AND($B9="",$C9=""),0,IF($C9="",SUMIFS(INDIRECT(TEXT(DATE(Stammdaten!$D$9,COLUMN()-COLUMN($E9)+1,1),"MMM")&"!$L$9:$L$999"),INDIRECT(TEXT(DATE(Stammdaten!$D$9,COLUMN()-COLUMN($E9)+1,1),"MMM")&"!$F$9:$F$999"),$B9),IF($B9="",SUMIFS(INDIRECT(TEXT(DATE(Stammdaten!$D$9,COLUMN()-COLUMN($E9)+1,1),"MMM")&"!$L$9:$L$999"),INDIRECT(TEXT(DATE(Stammdaten!$D$9,COLUMN()-COLUMN($E9)+1,1),"MMM")&"!$G$9:$G$999"),$C9),SUMIFS(INDIRECT(TEXT(DATE(Stammdaten!$D$9,COLUMN()-COLUMN($E9)+1,1),"MMM")&"!$L$9:$L$999"),INDIRECT(TEXT(DATE(Stammdaten!$D$9,COLUMN()-COLUMN($E9)+1,1),"MMM")&"!$F$9:$F$999"),IF($B9="","*",$B9),INDIRECT(TEXT(DATE(Stammdaten!$D$9,COLUMN()-COLUMN($E9)+1,1),"MMM")&"!$G$9:$G$999"),IF($C9="","*",$C9)))))*24 -> 0 | L9: =IF(AND($B9="",$C9=""),0,IF($C9="",SUMIFS(INDIRECT(TEXT(DATE(Stammdaten!$D$9,COLUMN()-COLUMN($E9)+1,1),"MMM")&"!$L$9:$L$999"),INDIRECT(TEXT(DATE(Stammdaten!$D$9,COLUMN()-COLUMN($E9)+1,1),"MMM")&"!$F$9:$F$999"),$B9),IF($B9="",SUMIFS(INDIRECT(TEXT(DATE(Stammdaten!$D$9,COLUMN()-COLUMN($E9)+1,1),"MMM")&"!$L$9:$L$999"),INDIRECT(TEXT(DATE(Stammdaten!$D$9,COLUMN()-COLUMN($E9)+1,1),"MMM")&"!$G$9:$G$999"),$C9),SUMIFS(INDIRECT(TEXT(DATE(Stammdaten!$D$9,COLUMN()-COLUMN($E9)+1,1),"MMM")&"!$L$9:$L$999"),INDIRECT(TEXT(DATE(Stammdaten!$D$9,COLUMN()-COLUMN($E9)+1,1),"MMM")&"!$F$9:$F$999"),IF($B9="","*",$B9),INDIRECT(TEXT(DATE(Stammdaten!$D$9,COLUMN()-COLUMN($E9)+1,1),"MMM")&"!$G$9:$G$999"),IF($C9="","*",$C9)))))*24 -> 0 | ... P9: =IF(AND($B9="",$C9=""),0,IF($C9="",SUMIFS(INDIRECT(TEXT(DATE(Stammdaten!$D$9,COLUMN()-COLUMN($E9)+1,1),"MMM")&"!$L$9:$L$999"),INDIRECT(TEXT(DATE(Stammdaten!$D$9,COLUMN()-COLUMN($E9)+1,1),"MMM")&"!$F$9:$F$999"),$B9),IF($B9="",SUMIFS(INDIRECT(TEXT(DATE(Stammdaten!$D$9,COLUMN()-COLUMN($E9)+1,1),"MMM")&"!$L$9:$L$999"),INDIRECT(TEXT(DATE(Stammdaten!$D$9,COLUMN()-COLUMN($E9)+1,1),"MMM")&"!$G$9:$G$999"),$C9),SUMIFS(INDIRECT(TEXT(DATE(Stammdaten!$D$9,COLUMN()-COLUMN($E9)+1,1),"MMM")&"!$L$9:$L$999"),INDIRECT(TEXT(DATE(Stammdaten!$D$9,COLUMN()-COLUMN($E9)+1,1),"MMM")&"!$F$9:$F$999"),IF($B9="","*",$B9),INDIRECT(TEXT(DATE(Stammdaten!$D$9,COLUMN()-COLUMN($E9)+1,1),"MMM")&"!$G$9:$G$999"),IF($C9="","*",$C9)))))*24 -> 0 | Q9: =SUM(E9:P9) -> 0 | R9: =IF(D9="",Q9,D9-Q9) -> 0
E10: =IF(AND($B10="",$C10=""),0,IF($C10="",SUMIFS(INDIRECT(TEXT(DATE(Stammdaten!$D$9,COLUMN()-COLUMN($E10)+1,1),"MMM")&"!$L$9:$L$999"),INDIRECT(TEXT(DATE(Stammdaten!$D$9,COLUMN()-COLUMN($E10)+1,1),"MMM")&"!$F$9:$F$999"),$B10),IF($B10="",SUMIFS(INDIRECT(TEXT(DATE(Stammdaten!$D$9,COLUMN()-COLUMN($E10)+1,1),"MMM")&"!$L$9:$L$999"),INDIRECT(TEXT(DATE(Stammdaten!$D$9,COLUMN()-COLUMN($E10)+1,1),"MMM")&"!$G$9:$G$999"),$C10),SUMIFS(INDIRECT(TEXT(DATE(Stammdaten!$D$9,COLUMN()-COLUMN($E10)+1,1),"MMM")&"!$L$9:$L$999"),INDIRECT(TEXT(DATE(Stammdaten!$D$9,COLUMN()-COLUMN($E10)+1,1),"MMM")&"!$F$9:$F$999"),IF($B10="","*",$B10),INDIRECT(TEXT(DATE(Stammdaten!$D$9,COLUMN()-COLUMN($E10)+1,1),"MMM")&"!$G$9:$G$999"),IF($C10="","*",$C10)))))*24 -> 0 | F10: =IF(AND($B10="",$C10=""),0,IF($C10="",SUMIFS(INDIRECT(TEXT(DATE(Stammdaten!$D$9,COLUMN()-COLUMN($E10)+1,1),"MMM")&"!$L$9:$L$999"),INDIRECT(TEXT(DATE(Stammdaten!$D$9,COLUMN()-COLUMN($E10)+1,1),"MMM")&"!$F$9:$F$999"),$B10),IF($B10="",SUMIFS(INDIRECT(TEXT(DATE(Stammdaten!$D$9,COLUMN()-COLUMN($E10)+1,1),"MMM")&"!$L$9:$L$999"),INDIRECT(TEXT(DATE(Stammdaten!$D$9,COLUMN()-COLUMN($E10)+1,1),"MMM")&"!$G$9:$G$999"),$C10),SUMIFS(INDIRECT(TEXT(DATE(Stammdaten!$D$9,COLUMN()-COLUMN($E10)+1,1),"MMM")&"!$L$9:$L$999"),INDIRECT(TEXT(DATE(Stammdaten!$D$9,COLUMN()-COLUMN($E10)+1,1),"MMM")&"!$F$9:$F$999"),IF($B10="","*",$B10),INDIRECT(TEXT(DATE(Stammdaten!$D$9,COLUMN()-COLUMN($E10)+1,1),"MMM")&"!$G$9:$G$999"),IF($C10="","*",$C10)))))*24 -> 0 | G10: =IF(AND($B10="",$C10=""),0,IF($C10="",SUMIFS(INDIRECT(TEXT(DATE(Stammdaten!$D$9,COLUMN()-COLUMN($E10)+1,1),"MMM")&"!$L$9:$L$999"),INDIRECT(TEXT(DATE(Stammdaten!$D$9,COLUMN()-COLUMN($E10)+1,1),"MMM")&"!$F$9:$F$999"),$B10),IF($B10="",SUMIFS(INDIRECT(TEXT(DATE(Stammdaten!$D$9,COLUMN()-COLUMN($E10)+1,1),"MMM")&"!$L$9:$L$999"),INDIRECT(TEXT(DATE(Stammdaten!$D$9,COLUMN()-COLUMN($E10)+1,1),"MMM")&"!$G$9:$G$999"),$C10),SUMIFS(INDIRECT(TEXT(DATE(Stammdaten!$D$9,COLUMN()-COLUMN($E10)+1,1),"MMM")&"!$L$9:$L$999"),INDIRECT(TEXT(DATE(Stammdaten!$D$9,COLUMN()-COLUMN($E10)+1,1),"MMM")&"!$F$9:$F$999"),IF($B10="","*",$B10),INDIRECT(TEXT(DATE(Stammdaten!$D$9,COLUMN()-COLUMN($E10)+1,1),"MMM")&"!$G$9:$G$999"),IF($C10="","*",$C10)))))*24 -> 0 | H10: =IF(AND($B10="",$C10=""),0,IF($C10="",SUMIFS(INDIRECT(TEXT(DATE(Stammdaten!$D$9,COLUMN()-COLUMN($E10)+1,1),"MMM")&"!$L$9:$L$999"),INDIRECT(TEXT(DATE(Stammdaten!$D$9,COLUMN()-COLUMN($E10)+1,1),"MMM")&"!$F$9:$F$999"),$B10),IF($B10="",SUMIFS(INDIRECT(TEXT(DATE(Stammdaten!$D$9,COLUMN()-COLUMN($E10)+1,1),"MMM")&"!$L$9:$L$999"),INDIRECT(TEXT(DATE(Stammdaten!$D$9,COLUMN()-COLUMN($E10)+1,1),"MMM")&"!$G$9:$G$999"),$C10),SUMIFS(INDIRECT(TEXT(DATE(Stammdaten!$D$9,COLUMN()-COLUMN($E10)+1,1),"MMM")&"!$L$9:$L$999"),INDIRECT(TEXT(DATE(Stammdaten!$D$9,COLUMN()-COLUMN($E10)+1,1),"MMM")&"!$F$9:$F$999"),IF($B10="","*",$B10),INDIRECT(TEXT(DATE(Stammdaten!$D$9,COLUMN()-COLUMN($E10)+1,1),"MMM")&"!$G$9:$G$999"),IF($C10="","*",$C10)))))*24 -> 0 | I10: =IF(AND($B10="",$C10=""),0,IF($C10="",SUMIFS(INDIRECT(TEXT(DATE(Stammdaten!$D$9,COLUMN()-COLUMN($E10)+1,1),"MMM")&"!$L$9:$L$999"),INDIRECT(TEXT(DATE(Stammdaten!$D$9,COLUMN()-COLUMN($E10)+1,1),"MMM")&"!$F$9:$F$999"),$B10),IF($B10="",SUMIFS(INDIRECT(TEXT(DATE(Stammdaten!$D$9,COLUMN()-COLUMN($E10)+1,1),"MMM")&"!$L$9:$L$999"),INDIRECT(TEXT(DATE(Stammdaten!$D$9,COLUMN()-COLUMN($E10)+1,1),"MMM")&"!$G$9:$G$999"),$C10),SUMIFS(INDIRECT(TEXT(DATE(Stammdaten!$D$9,COLUMN()-COLUMN($E10)+1,1),"MMM")&"!$L$9:$L$999"),INDIRECT(TEXT(DATE(Stammdaten!$D$9,COLUMN()-COLUMN($E10)+1,1),"MMM")&"!$F$9:$F$999"),IF($B10="","*",$B10),INDIRECT(TEXT(DATE(Stammdaten!$D$9,COLUMN()-COLUMN($E10)+1,1),"MMM")&"!$G$9:$G$999"),IF($C10="","*",$C10)))))*24 -> 0 | J10: =IF(AND($B10="",$C10=""),0,IF($C10="",SUMIFS(INDIRECT(TEXT(DATE(Stammdaten!$D$9,COLUMN()-COLUMN($E10)+1,1),"MMM")&"!$L$9:$L$999"),INDIRECT(TEXT(DATE(Stammdaten!$D$9,COLUMN()-COLUMN($E10)+1,1),"MMM")&"!$F$9:$F$999"),$B10),IF($B10="",SUMIFS(INDIRECT(TEXT(DATE(Stammdaten!$D$9,COLUMN()-COLUMN($E10)+1,1),"MMM")&"!$L$9:$L$999"),INDIRECT(TEXT(DATE(Stammdaten!$D$9,COLUMN()-COLUMN($E10)+1,1),"MMM")&"!$G$9:$G$999"),$C10),SUMIFS(INDIRECT(TEXT(DATE(Stammdaten!$D$9,COLUMN()-COLUMN($E10)+1,1),"MMM")&"!$L$9:$L$999"),INDIRECT(TEXT(DATE(Stammdaten!$D$9,COLUMN()-COLUMN($E10)+1,1),"MMM")&"!$F$9:$F$999"),IF($B10="","*",$B10),INDIRECT(TEXT(DATE(Stammdaten!$D$9,COLUMN()-COLUMN($E10)+1,1),"MMM")&"!$G$9:$G$999"),IF($C10="","*",$C10)))))*24 -> 0 | K10: =IF(AND($B10="",$C10=""),0,IF($C10="",SUMIFS(INDIRECT(TEXT(DATE(Stammdaten!$D$9,COLUMN()-COLUMN($E10)+1,1),"MMM")&"!$L$9:$L$999"),INDIRECT(TEXT(DATE(Stammdaten!$D$9,COLUMN()-COLUMN($E10)+1,1),"MMM")&"!$F$9:$F$999"),$B10),IF($B10="",SUMIFS(INDIRECT(TEXT(DATE(Stammdaten!$D$9,COLUMN()-COLUMN($E10)+1,1),"MMM")&"!$L$9:$L$999"),INDIRECT(TEXT(DATE(Stammdaten!$D$9,COLUMN()-COLUMN($E10)+1,1),"MMM")&"!$G$9:$G$999"),$C10),SUMIFS(INDIRECT(TEXT(DATE(Stammdaten!$D$9,COLUMN()-COLUMN($E10)+1,1),"MMM")&"!$L$9:$L$999"),INDIRECT(TEXT(DATE(Stammdaten!$D$9,COLUMN()-COLUMN($E10)+1,1),"MMM")&"!$F$9:$F$999"),IF($B10="","*",$B10),INDIRECT(TEXT(DATE(Stammdaten!$D$9,COLUMN()-COLUMN($E10)+1,1),"MMM")&"!$G$9:$G$999"),IF($C10="","*",$C10)))))*24 -> 0 | L10: =IF(AND($B10="",$C10=""),0,IF($C10="",SUMIFS(INDIRECT(TEXT(DATE(Stammdaten!$D$9,COLUMN()-COLUMN($E10)+1,1),"MMM")&"!$L$9:$L$999"),INDIRECT(TEXT(DATE(Stammdaten!$D$9,COLUMN()-COLUMN($E10)+1,1),"MMM")&"!$F$9:$F$999"),$B10),IF($B10="",SUMIFS(INDIRECT(TEXT(DATE(Stammdaten!$D$9,COLUMN()-COLUMN($E10)+1,1),"MMM")&"!$L$9:$L$999"),INDIRECT(TEXT(DATE(Stammdaten!$D$9,COLUMN()-COLUMN($E10)+1,1),"MMM")&"!$G$9:$G$999"),$C10),SUMIFS(INDIRECT(TEXT(DATE(Stammdaten!$D$9,COLUMN()-COLUMN($E10)+1,1),"MMM")&"!$L$9:$L$999"),INDIRECT(TEXT(DATE(Stammdaten!$D$9,COLUMN()-COLUMN($E10)+1,1),"MMM")&"!$F$9:$F$999"),IF($B10="","*",$B10),INDIRECT(TEXT(DATE(Stammdaten!$D$9,COLUMN()-COLUMN($E10)+1,1),"MMM")&"!$G$9:$G$999"),IF($C10="","*",$C10)))))*24 -> 0 | ... P10: =IF(AND($B10="",$C10=""),0,IF($C10="",SUMIFS(INDIRECT(TEXT(DATE(Stammdaten!$D$9,COLUMN()-COLUMN($E10)+1,1),"MMM")&"!$L$9:$L$999"),INDIRECT(TEXT(DATE(Stammdaten!$D$9,COLUMN()-COLUMN($E10)+1,1),"MMM")&"!$F$9:$F$999"),$B10),IF($B10="",SUMIFS(INDIRECT(TEXT(DATE(Stammdaten!$D$9,COLUMN()-COLUMN($E10)+1,1),"MMM")&"!$L$9:$L$999"),INDIRECT(TEXT(DATE(Stammdaten!$D$9,COLUMN()-COLUMN($E10)+1,1),"MMM")&"!$G$9:$G$999"),$C10),SUMIFS(INDIRECT(TEXT(DATE(Stammdaten!$D$9,COLUMN()-COLUMN($E10)+1,1),"MMM")&"!$L$9:$L$999"),INDIRECT(TEXT(DATE(Stammdaten!$D$9,COLUMN()-COLUMN($E10)+1,1),"MMM")&"!$F$9:$F$999"),IF($B10="","*",$B10),INDIRECT(TEXT(DATE(Stammdaten!$D$9,COLUMN()-COLUMN($E10)+1,1),"MMM")&"!$G$9:$G$999"),IF($C10="","*",$C10)))))*24 -> 0 | Q10: =SUM(E10:P10) -> 0 | R10: =IF(D10="",Q10,D10-Q10) -> 0
E11: =IF(AND($B11="",$C11=""),0,IF($C11="",SUMIFS(INDIRECT(TEXT(DATE(Stammdaten!$D$9,COLUMN()-COLUMN($E11)+1,1),"MMM")&"!$L$9:$L$999"),INDIRECT(TEXT(DATE(Stammdaten!$D$9,COLUMN()-COLUMN($E11)+1,1),"MMM")&"!$F$9:$F$999"),$B11),IF($B11="",SUMIFS(INDIRECT(TEXT(DATE(Stammdaten!$D$9,COLUMN()-COLUMN($E11)+1,1),"MMM")&"!$L$9:$L$999"),INDIRECT(TEXT(DATE(Stammdaten!$D$9,COLUMN()-COLUMN($E11)+1,1),"MMM")&"!$G$9:$G$999"),$C11),SUMIFS(INDIRECT(TEXT(DATE(Stammdaten!$D$9,COLUMN()-COLUMN($E11)+1,1),"MMM")&"!$L$9:$L$999"),INDIRECT(TEXT(DATE(Stammdaten!$D$9,COLUMN()-COLUMN($E11)+1,1),"MMM")&"!$F$9:$F$999"),IF($B11="","*",$B11),INDIRECT(TEXT(DATE(Stammdaten!$D$9,COLUMN()-COLUMN($E11)+1,1),"MMM")&"!$G$9:$G$999"),IF($C11="","*",$C11)))))*24 -> 0 | F11: =IF(AND($B11="",$C11=""),0,IF($C11="",SUMIFS(INDIRECT(TEXT(DATE(Stammdaten!$D$9,COLUMN()-COLUMN($E11)+1,1),"MMM")&"!$L$9:$L$999"),INDIRECT(TEXT(DATE(Stammdaten!$D$9,COLUMN()-COLUMN($E11)+1,1),"MMM")&"!$F$9:$F$999"),$B11),IF($B11="",SUMIFS(INDIRECT(TEXT(DATE(Stammdaten!$D$9,COLUMN()-COLUMN($E11)+1,1),"MMM")&"!$L$9:$L$999"),INDIRECT(TEXT(DATE(Stammdaten!$D$9,COLUMN()-COLUMN($E11)+1,1),"MMM")&"!$G$9:$G$999"),$C11),SUMIFS(INDIRECT(TEXT(DATE(Stammdaten!$D$9,COLUMN()-COLUMN($E11)+1,1),"MMM")&"!$L$9:$L$999"),INDIRECT(TEXT(DATE(Stammdaten!$D$9,COLUMN()-COLUMN($E11)+1,1),"MMM")&"!$F$9:$F$999"),IF($B11="","*",$B11),INDIRECT(TEXT(DATE(Stammdaten!$D$9,COLUMN()-COLUMN($E11)+1,1),"MMM")&"!$G$9:$G$999"),IF($C11="","*",$C11)))))*24 -> 0 | G11: =IF(AND($B11="",$C11=""),0,IF($C11="",SUMIFS(INDIRECT(TEXT(DATE(Stammdaten!$D$9,COLUMN()-COLUMN($E11)+1,1),"MMM")&"!$L$9:$L$999"),INDIRECT(TEXT(DATE(Stammdaten!$D$9,COLUMN()-COLUMN($E11)+1,1),"MMM")&"!$F$9:$F$999"),$B11),IF($B11="",SUMIFS(INDIRECT(TEXT(DATE(Stammdaten!$D$9,COLUMN()-COLUMN($E11)+1,1),"MMM")&"!$L$9:$L$999"),INDIRECT(TEXT(DATE(Stammdaten!$D$9,COLUMN()-COLUMN($E11)+1,1),"MMM")&"!$G$9:$G$999"),$C11),SUMIFS(INDIRECT(TEXT(DATE(Stammdaten!$D$9,COLUMN()-COLUMN($E11)+1,1),"MMM")&"!$L$9:$L$999"),INDIRECT(TEXT(DATE(Stammdaten!$D$9,COLUMN()-COLUMN($E11)+1,1),"MMM")&"!$F$9:$F$999"),IF($B11="","*",$B11),INDIRECT(TEXT(DATE(Stammdaten!$D$9,COLUMN()-COLUMN($E11)+1,1),"MMM")&"!$G$9:$G$999"),IF($C11="","*",$C11)))))*24 -> 0 | H11: =IF(AND($B11="",$C11=""),0,IF($C11="",SUMIFS(INDIRECT(TEXT(DATE(Stammdaten!$D$9,COLUMN()-COLUMN($E11)+1,1),"MMM")&"!$L$9:$L$999"),INDIRECT(TEXT(DATE(Stammdaten!$D$9,COLUMN()-COLUMN($E11)+1,1),"MMM")&"!$F$9:$F$999"),$B11),IF($B11="",SUMIFS(INDIRECT(TEXT(DATE(Stammdaten!$D$9,COLUMN()-COLUMN($E11)+1,1),"MMM")&"!$L$9:$L$999"),INDIRECT(TEXT(DATE(Stammdaten!$D$9,COLUMN()-COLUMN($E11)+1,1),"MMM")&"!$G$9:$G$999"),$C11),SUMIFS(INDIRECT(TEXT(DATE(Stammdaten!$D$9,COLUMN()-COLUMN($E11)+1,1),"MMM")&"!$L$9:$L$999"),INDIRECT(TEXT(DATE(Stammdaten!$D$9,COLUMN()-COLUMN($E11)+1,1),"MMM")&"!$F$9:$F$999"),IF($B11="","*",$B11),INDIRECT(TEXT(DATE(Stammdaten!$D$9,COLUMN()-COLUMN($E11)+1,1),"MMM")&"!$G$9:$G$999"),IF($C11="","*",$C11)))))*24 -> 0 | I11: =IF(AND($B11="",$C11=""),0,IF($C11="",SUMIFS(INDIRECT(TEXT(DATE(Stammdaten!$D$9,COLUMN()-COLUMN($E11)+1,1),"MMM")&"!$L$9:$L$999"),INDIRECT(TEXT(DATE(Stammdaten!$D$9,COLUMN()-COLUMN($E11)+1,1),"MMM")&"!$F$9:$F$999"),$B11),IF($B11="",SUMIFS(INDIRECT(TEXT(DATE(Stammdaten!$D$9,COLUMN()-COLUMN($E11)+1,1),"MMM")&"!$L$9:$L$999"),INDIRECT(TEXT(DATE(Stammdaten!$D$9,COLUMN()-COLUMN($E11)+1,1),"MMM")&"!$G$9:$G$999"),$C11),SUMIFS(INDIRECT(TEXT(DATE(Stammdaten!$D$9,COLUMN()-COLUMN($E11)+1,1),"MMM")&"!$L$9:$L$999"),INDIRECT(TEXT(DATE(Stammdaten!$D$9,COLUMN()-COLUMN($E11)+1,1),"MMM")&"!$F$9:$F$999"),IF($B11="","*",$B11),INDIRECT(TEXT(DATE(Stammdaten!$D$9,COLUMN()-COLUMN($E11)+1,1),"MMM")&"!$G$9:$G$999"),IF($C11="","*",$C11)))))*24 -> 0 | J11: =IF(AND($B11="",$C11=""),0,IF($C11="",SUMIFS(INDIRECT(TEXT(DATE(Stammdaten!$D$9,COLUMN()-COLUMN($E11)+1,1),"MMM")&"!$L$9:$L$999"),INDIRECT(TEXT(DATE(Stammdaten!$D$9,COLUMN()-COLUMN($E11)+1,1),"MMM")&"!$F$9:$F$999"),$B11),IF($B11="",SUMIFS(INDIRECT(TEXT(DATE(Stammdaten!$D$9,COLUMN()-COLUMN($E11)+1,1),"MMM")&"!$L$9:$L$999"),INDIRECT(TEXT(DATE(Stammdaten!$D$9,COLUMN()-COLUMN($E11)+1,1),"MMM")&"!$G$9:$G$999"),$C11),SUMIFS(INDIRECT(TEXT(DATE(Stammdaten!$D$9,COLUMN()-COLUMN($E11)+1,1),"MMM")&"!$L$9:$L$999"),INDIRECT(TEXT(DATE(Stammdaten!$D$9,COLUMN()-COLUMN($E11)+1,1),"MMM")&"!$F$9:$F$999"),IF($B11="","*",$B11),INDIRECT(TEXT(DATE(Stammdaten!$D$9,COLUMN()-COLUMN($E11)+1,1),"MMM")&"!$G$9:$G$999"),IF($C11="","*",$C11)))))*24 -> 0 | K11: =IF(AND($B11="",$C11=""),0,IF($C11="",SUMIFS(INDIRECT(TEXT(DATE(Stammdaten!$D$9,COLUMN()-COLUMN($E11)+1,1),"MMM")&"!$L$9:$L$999"),INDIRECT(TEXT(DATE(Stammdaten!$D$9,COLUMN()-COLUMN($E11)+1,1),"MMM")&"!$F$9:$F$999"),$B11),IF($B11="",SUMIFS(INDIRECT(TEXT(DATE(Stammdaten!$D$9,COLUMN()-COLUMN($E11)+1,1),"MMM")&"!$L$9:$L$999"),INDIRECT(TEXT(DATE(Stammdaten!$D$9,COLUMN()-COLUMN($E11)+1,1),"MMM")&"!$G$9:$G$999"),$C11),SUMIFS(INDIRECT(TEXT(DATE(Stammdaten!$D$9,COLUMN()-COLUMN($E11)+1,1),"MMM")&"!$L$9:$L$999"),INDIRECT(TEXT(DATE(Stammdaten!$D$9,COLUMN()-COLUMN($E11)+1,1),"MMM")&"!$F$9:$F$999"),IF($B11="","*",$B11),INDIRECT(TEXT(DATE(Stammdaten!$D$9,COLUMN()-COLUMN($E11)+1,1),"MMM")&"!$G$9:$G$999"),IF($C11="","*",$C11)))))*24 -> 0 | L11: =IF(AND($B11="",$C11=""),0,IF($C11="",SUMIFS(INDIRECT(TEXT(DATE(Stammdaten!$D$9,COLUMN()-COLUMN($E11)+1,1),"MMM")&"!$L$9:$L$999"),INDIRECT(TEXT(DATE(Stammdaten!$D$9,COLUMN()-COLUMN($E11)+1,1),"MMM")&"!$F$9:$F$999"),$B11),IF($B11="",SUMIFS(INDIRECT(TEXT(DATE(Stammdaten!$D$9,COLUMN()-COLUMN($E11)+1,1),"MMM")&"!$L$9:$L$999"),INDIRECT(TEXT(DATE(Stammdaten!$D$9,COLUMN()-COLUMN($E11)+1,1),"MMM")&"!$G$9:$G$999"),$C11),SUMIFS(INDIRECT(TEXT(DATE(Stammdaten!$D$9,COLUMN()-COLUMN($E11)+1,1),"MMM")&"!$L$9:$L$999"),INDIRECT(TEXT(DATE(Stammdaten!$D$9,COLUMN()-COLUMN($E11)+1,1),"MMM")&"!$F$9:$F$999"),IF($B11="","*",$B11),INDIRECT(TEXT(DATE(Stammdaten!$D$9,COLUMN()-COLUMN($E11)+1,1),"MMM")&"!$G$9:$G$999"),IF($C11="","*",$C11)))))*24 -> 0 | ... P11: =IF(AND($B11="",$C11=""),0,IF($C11="",SUMIFS(INDIRECT(TEXT(DATE(Stammdaten!$D$9,COLUMN()-COLUMN($E11)+1,1),"MMM")&"!$L$9:$L$999"),INDIRECT(TEXT(DATE(Stammdaten!$D$9,COLUMN()-COLUMN($E11)+1,1),"MMM")&"!$F$9:$F$999"),$B11),IF($B11="",SUMIFS(INDIRECT(TEXT(DATE(Stammdaten!$D$9,COLUMN()-COLUMN($E11)+1,1),"MMM")&"!$L$9:$L$999"),INDIRECT(TEXT(DATE(Stammdaten!$D$9,COLUMN()-COLUMN($E11)+1,1),"MMM")&"!$G$9:$G$999"),$C11),SUMIFS(INDIRECT(TEXT(DATE(Stammdaten!$D$9,COLUMN()-COLUMN($E11)+1,1),"MMM")&"!$L$9:$L$999"),INDIRECT(TEXT(DATE(Stammdaten!$D$9,COLUMN()-COLUMN($E11)+1,1),"MMM")&"!$F$9:$F$999"),IF($B11="","*",$B11),INDIRECT(TEXT(DATE(Stammdaten!$D$9,COLUMN()-COLUMN($E11)+1,1),"MMM")&"!$G$9:$G$999"),IF($C11="","*",$C11)))))*24 -> 0 | Q11: =SUM(E11:P11) -> 0 | R11: =IF(D11="",Q11,D11-Q11) -> 0
E12: =IF(AND($B12="",$C12=""),0,IF($C12="",SUMIFS(INDIRECT(TEXT(DATE(Stammdaten!$D$9,COLUMN()-COLUMN($E12)+1,1),"MMM")&"!$L$9:$L$999"),INDIRECT(TEXT(DATE(Stammdaten!$D$9,COLUMN()-COLUMN($E12)+1,1),"MMM")&"!$F$9:$F$999"),$B12),IF($B12="",SUMIFS(INDIRECT(TEXT(DATE(Stammdaten!$D$9,COLUMN()-COLUMN($E12)+1,1),"MMM")&"!$L$9:$L$999"),INDIRECT(TEXT(DATE(Stammdaten!$D$9,COLUMN()-COLUMN($E12)+1,1),"MMM")&"!$G$9:$G$999"),$C12),SUMIFS(INDIRECT(TEXT(DATE(Stammdaten!$D$9,COLUMN()-COLUMN($E12)+1,1),"MMM")&"!$L$9:$L$999"),INDIRECT(TEXT(DATE(Stammdaten!$D$9,COLUMN()-COLUMN($E12)+1,1),"MMM")&"!$F$9:$F$999"),IF($B12="","*",$B12),INDIRECT(TEXT(DATE(Stammdaten!$D$9,COLUMN()-COLUMN($E12)+1,1),"MMM")&"!$G$9:$G$999"),IF($C12="","*",$C12)))))*24 -> 0 | F12: =IF(AND($B12="",$C12=""),0,IF($C12="",SUMIFS(INDIRECT(TEXT(DATE(Stammdaten!$D$9,COLUMN()-COLUMN($E12)+1,1),"MMM")&"!$L$9:$L$999"),INDIRECT(TEXT(DATE(Stammdaten!$D$9,COLUMN()-COLUMN($E12)+1,1),"MMM")&"!$F$9:$F$999"),$B12),IF($B12="",SUMIFS(INDIRECT(TEXT(DATE(Stammdaten!$D$9,COLUMN()-COLUMN($E12)+1,1),"MMM")&"!$L$9:$L$999"),INDIRECT(TEXT(DATE(Stammdaten!$D$9,COLUMN()-COLUMN($E12)+1,1),"MMM")&"!$G$9:$G$999"),$C12),SUMIFS(INDIRECT(TEXT(DATE(Stammdaten!$D$9,COLUMN()-COLUMN($E12)+1,1),"MMM")&"!$L$9:$L$999"),INDIRECT(TEXT(DATE(Stammdaten!$D$9,COLUMN()-COLUMN($E12)+1,1),"MMM")&"!$F$9:$F$999"),IF($B12="","*",$B12),INDIRECT(TEXT(DATE(Stammdaten!$D$9,COLUMN()-COLUMN($E12)+1,1),"MMM")&"!$G$9:$G$999"),IF($C12="","*",$C12)))))*24 -> 0 | G12: =IF(AND($B12="",$C12=""),0,IF($C12="",SUMIFS(INDIRECT(TEXT(DATE(Stammdaten!$D$9,COLUMN()-COLUMN($E12)+1,1),"MMM")&"!$L$9:$L$999"),INDIRECT(TEXT(DATE(Stammdaten!$D$9,COLUMN()-COLUMN($E12)+1,1),"MMM")&"!$F$9:$F$999"),$B12),IF($B12="",SUMIFS(INDIRECT(TEXT(DATE(Stammdaten!$D$9,COLUMN()-COLUMN($E12)+1,1),"MMM")&"!$L$9:$L$999"),INDIRECT(TEXT(DATE(Stammdaten!$D$9,COLUMN()-COLUMN($E12)+1,1),"MMM")&"!$G$9:$G$999"),$C12),SUMIFS(INDIRECT(TEXT(DATE(Stammdaten!$D$9,COLUMN()-COLUMN($E12)+1,1),"MMM")&"!$L$9:$L$999"),INDIRECT(TEXT(DATE(Stammdaten!$D$9,COLUMN()-COLUMN($E12)+1,1),"MMM")&"!$F$9:$F$999"),IF($B12="","*",$B12),INDIRECT(TEXT(DATE(Stammdaten!$D$9,COLUMN()-COLUMN($E12)+1,1),"MMM")&"!$G$9:$G$999"),IF($C12="","*",$C12)))))*24 -> 0 | H12: =IF(AND($B12="",$C12=""),0,IF($C12="",SUMIFS(INDIRECT(TEXT(DATE(Stammdaten!$D$9,COLUMN()-COLUMN($E12)+1,1),"MMM")&"!$L$9:$L$999"),INDIRECT(TEXT(DATE(Stammdaten!$D$9,COLUMN()-COLUMN($E12)+1,1),"MMM")&"!$F$9:$F$999"),$B12),IF($B12="",SUMIFS(INDIRECT(TEXT(DATE(Stammdaten!$D$9,COLUMN()-COLUMN($E12)+1,1),"MMM")&"!$L$9:$L$999"),INDIRECT(TEXT(DATE(Stammdaten!$D$9,COLUMN()-COLUMN($E12)+1,1),"MMM")&"!$G$9:$G$999"),$C12),SUMIFS(INDIRECT(TEXT(DATE(Stammdaten!$D$9,COLUMN()-COLUMN($E12)+1,1),"MMM")&"!$L$9:$L$999"),INDIRECT(TEXT(DATE(Stammdaten!$D$9,COLUMN()-COLUMN($E12)+1,1),"MMM")&"!$F$9:$F$999"),IF($B12="","*",$B12),INDIRECT(TEXT(DATE(Stammdaten!$D$9,COLUMN()-COLUMN($E12)+1,1),"MMM")&"!$G$9:$G$999"),IF($C12="","*",$C12)))))*24 -> 0 | I12: =IF(AND($B12="",$C12=""),0,IF($C12="",SUMIFS(INDIRECT(TEXT(DATE(Stammdaten!$D$9,COLUMN()-COLUMN($E12)+1,1),"MMM")&"!$L$9:$L$999"),INDIRECT(TEXT(DATE(Stammdaten!$D$9,COLUMN()-COLUMN($E12)+1,1),"MMM")&"!$F$9:$F$999"),$B12),IF($B12="",SUMIFS(INDIRECT(TEXT(DATE(Stammdaten!$D$9,COLUMN()-COLUMN($E12)+1,1),"MMM")&"!$L$9:$L$999"),INDIRECT(TEXT(DATE(Stammdaten!$D$9,COLUMN()-COLUMN($E12)+1,1),"MMM")&"!$G$9:$G$999"),$C12),SUMIFS(INDIRECT(TEXT(DATE(Stammdaten!$D$9,COLUMN()-COLUMN($E12)+1,1),"MMM")&"!$L$9:$L$999"),INDIRECT(TEXT(DATE(Stammdaten!$D$9,COLUMN()-COLUMN($E12)+1,1),"MMM")&"!$F$9:$F$999"),IF($B12="","*",$B12),INDIRECT(TEXT(DATE(Stammdaten!$D$9,COLUMN()-COLUMN($E12)+1,1),"MMM")&"!$G$9:$G$999"),IF($C12="","*",$C12)))))*24 -> 0 | J12: =IF(AND($B12="",$C12=""),0,IF($C12="",SUMIFS(INDIRECT(TEXT(DATE(Stammdaten!$D$9,COLUMN()-COLUMN($E12)+1,1),"MMM")&"!$L$9:$L$999"),INDIRECT(TEXT(DATE(Stammdaten!$D$9,COLUMN()-COLUMN($E12)+1,1),"MMM")&"!$F$9:$F$999"),$B12),IF($B12="",SUMIFS(INDIRECT(TEXT(DATE(Stammdaten!$D$9,COLUMN()-COLUMN($E12)+1,1),"MMM")&"!$L$9:$L$999"),INDIRECT(TEXT(DATE(Stammdaten!$D$9,COLUMN()-COLUMN($E12)+1,1),"MMM")&"!$G$9:$G$999"),$C12),SUMIFS(INDIRECT(TEXT(DATE(Stammdaten!$D$9,COLUMN()-COLUMN($E12)+1,1),"MMM")&"!$L$9:$L$999"),INDIRECT(TEXT(DATE(Stammdaten!$D$9,COLUMN()-COLUMN($E12)+1,1),"MMM")&"!$F$9:$F$999"),IF($B12="","*",$B12),INDIRECT(TEXT(DATE(Stammdaten!$D$9,COLUMN()-COLUMN($E12)+1,1),"MMM")&"!$G$9:$G$999"),IF($C12="","*",$C12)))))*24 -> 0 | K12: =IF(AND($B12="",$C12=""),0,IF($C12="",SUMIFS(INDIRECT(TEXT(DATE(Stammdaten!$D$9,COLUMN()-COLUMN($E12)+1,1),"MMM")&"!$L$9:$L$999"),INDIRECT(TEXT(DATE(Stammdaten!$D$9,COLUMN()-COLUMN($E12)+1,1),"MMM")&"!$F$9:$F$999"),$B12),IF($B12="",SUMIFS(INDIRECT(TEXT(DATE(Stammdaten!$D$9,COLUMN()-COLUMN($E12)+1,1),"MMM")&"!$L$9:$L$999"),INDIRECT(TEXT(DATE(Stammdaten!$D$9,COLUMN()-COLUMN($E12)+1,1),"MMM")&"!$G$9:$G$999"),$C12),SUMIFS(INDIRECT(TEXT(DATE(Stammdaten!$D$9,COLUMN()-COLUMN($E12)+1,1),"MMM")&"!$L$9:$L$999"),INDIRECT(TEXT(DATE(Stammdaten!$D$9,COLUMN()-COLUMN($E12)+1,1),"MMM")&"!$F$9:$F$999"),IF($B12="","*",$B12),INDIRECT(TEXT(DATE(Stammdaten!$D$9,COLUMN()-COLUMN($E12)+1,1),"MMM")&"!$G$9:$G$999"),IF($C12="","*",$C12)))))*24 -> 0 | L12: =IF(AND($B12="",$C12=""),0,IF($C12="",SUMIFS(INDIRECT(TEXT(DATE(Stammdaten!$D$9,COLUMN()-COLUMN($E12)+1,1),"MMM")&"!$L$9:$L$999"),INDIRECT(TEXT(DATE(Stammdaten!$D$9,COLUMN()-COLUMN($E12)+1,1),"MMM")&"!$F$9:$F$999"),$B12),IF($B12="",SUMIFS(INDIRECT(TEXT(DATE(Stammdaten!$D$9,COLUMN()-COLUMN($E12)+1,1),"MMM")&"!$L$9:$L$999"),INDIRECT(TEXT(DATE(Stammdaten!$D$9,COLUMN()-COLUMN($E12)+1,1),"MMM")&"!$G$9:$G$999"),$C12),SUMIFS(INDIRECT(TEXT(DATE(Stammdaten!$D$9,COLUMN()-COLUMN($E12)+1,1),"MMM")&"!$L$9:$L$999"),INDIRECT(TEXT(DATE(Stammdaten!$D$9,COLUMN()-COLUMN($E12)+1,1),"MMM")&"!$F$9:$F$999"),IF($B12="","*",$B12),INDIRECT(TEXT(DATE(Stammdaten!$D$9,COLUMN()-COLUMN($E12)+1,1),"MMM")&"!$G$9:$G$999"),IF($C12="","*",$C12)))))*24 -> 0 | ... P12: =IF(AND($B12="",$C12=""),0,IF($C12="",SUMIFS(INDIRECT(TEXT(DATE(Stammdaten!$D$9,COLUMN()-COLUMN($E12)+1,1),"MMM")&"!$L$9:$L$999"),INDIRECT(TEXT(DATE(Stammdaten!$D$9,COLUMN()-COLUMN($E12)+1,1),"MMM")&"!$F$9:$F$999"),$B12),IF($B12="",SUMIFS(INDIRECT(TEXT(DATE(Stammdaten!$D$9,COLUMN()-COLUMN($E12)+1,1),"MMM")&"!$L$9:$L$999"),INDIRECT(TEXT(DATE(Stammdaten!$D$9,COLUMN()-COLUMN($E12)+1,1),"MMM")&"!$G$9:$G$999"),$C12),SUMIFS(INDIRECT(TEXT(DATE(Stammdaten!$D$9,COLUMN()-COLUMN($E12)+1,1),"MMM")&"!$L$9:$L$999"),INDIRECT(TEXT(DATE(Stammdaten!$D$9,COLUMN()-COLUMN($E12)+1,1),"MMM")&"!$F$9:$F$999"),IF($B12="","*",$B12),INDIRECT(TEXT(DATE(Stammdaten!$D$9,COLUMN()-COLUMN($E12)+1,1),"MMM")&"!$G$9:$G$999"),IF($C12="","*",$C12)))))*24 -> 0 | Q12: =SUM(E12:P12) -> 0 | R12: =IF(D12="",Q12,D12-Q12) -> 0
E13: =IF(AND($B13="",$C13=""),0,IF($C13="",SUMIFS(INDIRECT(TEXT(DATE(Stammdaten!$D$9,COLUMN()-COLUMN($E13)+1,1),"MMM")&"!$L$9:$L$999"),INDIRECT(TEXT(DATE(Stammdaten!$D$9,COLUMN()-COLUMN($E13)+1,1),"MMM")&"!$F$9:$F$999"),$B13),IF($B13="",SUMIFS(INDIRECT(TEXT(DATE(Stammdaten!$D$9,COLUMN()-COLUMN($E13)+1,1),"MMM")&"!$L$9:$L$999"),INDIRECT(TEXT(DATE(Stammdaten!$D$9,COLUMN()-COLUMN($E13)+1,1),"MMM")&"!$G$9:$G$999"),$C13),SUMIFS(INDIRECT(TEXT(DATE(Stammdaten!$D$9,COLUMN()-COLUMN($E13)+1,1),"MMM")&"!$L$9:$L$999"),INDIRECT(TEXT(DATE(Stammdaten!$D$9,COLUMN()-COLUMN($E13)+1,1),"MMM")&"!$F$9:$F$999"),IF($B13="","*",$B13),INDIRECT(TEXT(DATE(Stammdaten!$D$9,COLUMN()-COLUMN($E13)+1,1),"MMM")&"!$G$9:$G$999"),IF($C13="","*",$C13)))))*24 -> 0 | F13: =IF(AND($B13="",$C13=""),0,IF($C13="",SUMIFS(INDIRECT(TEXT(DATE(Stammdaten!$D$9,COLUMN()-COLUMN($E13)+1,1),"MMM")&"!$L$9:$L$999"),INDIRECT(TEXT(DATE(Stammdaten!$D$9,COLUMN()-COLUMN($E13)+1,1),"MMM")&"!$F$9:$F$999"),$B13),IF($B13="",SUMIFS(INDIRECT(TEXT(DATE(Stammdaten!$D$9,COLUMN()-COLUMN($E13)+1,1),"MMM")&"!$L$9:$L$999"),INDIRECT(TEXT(DATE(Stammdaten!$D$9,COLUMN()-COLUMN($E13)+1,1),"MMM")&"!$G$9:$G$999"),$C13),SUMIFS(INDIRECT(TEXT(DATE(Stammdaten!$D$9,COLUMN()-COLUMN($E13)+1,1),"MMM")&"!$L$9:$L$999"),INDIRECT(TEXT(DATE(Stammdaten!$D$9,COLUMN()-COLUMN($E13)+1,1),"MMM")&"!$F$9:$F$999"),IF($B13="","*",$B13),INDIRECT(TEXT(DATE(Stammdaten!$D$9,COLUMN()-COLUMN($E13)+1,1),"MMM")&"!$G$9:$G$999"),IF($C13="","*",$C13)))))*24 -> 0 | G13: =IF(AND($B13="",$C13=""),0,IF($C13="",SUMIFS(INDIRECT(TEXT(DATE(Stammdaten!$D$9,COLUMN()-COLUMN($E13)+1,1),"MMM")&"!$L$9:$L$999"),INDIRECT(TEXT(DATE(Stammdaten!$D$9,COLUMN()-COLUMN($E13)+1,1),"MMM")&"!$F$9:$F$999"),$B13),IF($B13="",SUMIFS(INDIRECT(TEXT(DATE(Stammdaten!$D$9,COLUMN()-COLUMN($E13)+1,1),"MMM")&"!$L$9:$L$999"),INDIRECT(TEXT(DATE(Stammdaten!$D$9,COLUMN()-COLUMN($E13)+1,1),"MMM")&"!$G$9:$G$999"),$C13),SUMIFS(INDIRECT(TEXT(DATE(Stammdaten!$D$9,COLUMN()-COLUMN($E13)+1,1),"MMM")&"!$L$9:$L$999"),INDIRECT(TEXT(DATE(Stammdaten!$D$9,COLUMN()-COLUMN($E13)+1,1),"MMM")&"!$F$9:$F$999"),IF($B13="","*",$B13),INDIRECT(TEXT(DATE(Stammdaten!$D$9,COLUMN()-COLUMN($E13)+1,1),"MMM")&"!$G$9:$G$999"),IF($C13="","*",$C13)))))*24 -> 0 | H13: =IF(AND($B13="",$C13=""),0,IF($C13="",SUMIFS(INDIRECT(TEXT(DATE(Stammdaten!$D$9,COLUMN()-COLUMN($E13)+1,1),"MMM")&"!$L$9:$L$999"),INDIRECT(TEXT(DATE(Stammdaten!$D$9,COLUMN()-COLUMN($E13)+1,1),"MMM")&"!$F$9:$F$999"),$B13),IF($B13="",SUMIFS(INDIRECT(TEXT(DATE(Stammdaten!$D$9,COLUMN()-COLUMN($E13)+1,1),"MMM")&"!$L$9:$L$999"),INDIRECT(TEXT(DATE(Stammdaten!$D$9,COLUMN()-COLUMN($E13)+1,1),"MMM")&"!$G$9:$G$999"),$C13),SUMIFS(INDIRECT(TEXT(DATE(Stammdaten!$D$9,COLUMN()-COLUMN($E13)+1,1),"MMM")&"!$L$9:$L$999"),INDIRECT(TEXT(DATE(Stammdaten!$D$9,COLUMN()-COLUMN($E13)+1,1),"MMM")&"!$F$9:$F$999"),IF($B13="","*",$B13),INDIRECT(TEXT(DATE(Stammdaten!$D$9,COLUMN()-COLUMN($E13)+1,1),"MMM")&"!$G$9:$G$999"),IF($C13="","*",$C13)))))*24 -> 0 | I13: =IF(AND($B13="",$C13=""),0,IF($C13="",SUMIFS(INDIRECT(TEXT(DATE(Stammdaten!$D$9,COLUMN()-COLUMN($E13)+1,1),"MMM")&"!$L$9:$L$999"),INDIRECT(TEXT(DATE(Stammdaten!$D$9,COLUMN()-COLUMN($E13)+1,1),"MMM")&"!$F$9:$F$999"),$B13),IF($B13="",SUMIFS(INDIRECT(TEXT(DATE(Stammdaten!$D$9,COLUMN()-COLUMN($E13)+1,1),"MMM")&"!$L$9:$L$999"),INDIRECT(TEXT(DATE(Stammdaten!$D$9,COLUMN()-COLUMN($E13)+1,1),"MMM")&"!$G$9:$G$999"),$C13),SUMIFS(INDIRECT(TEXT(DATE(Stammdaten!$D$9,COLUMN()-COLUMN($E13)+1,1),"MMM")&"!$L$9:$L$999"),INDIRECT(TEXT(DATE(Stammdaten!$D$9,COLUMN()-COLUMN($E13)+1,1),"MMM")&"!$F$9:$F$999"),IF($B13="","*",$B13),INDIRECT(TEXT(DATE(Stammdaten!$D$9,COLUMN()-COLUMN($E13)+1,1),"MMM")&"!$G$9:$G$999"),IF($C13="","*",$C13)))))*24 -> 0 | J13: =IF(AND($B13="",$C13=""),0,IF($C13="",SUMIFS(INDIRECT(TEXT(DATE(Stammdaten!$D$9,COLUMN()-COLUMN($E13)+1,1),"MMM")&"!$L$9:$L$999"),INDIRECT(TEXT(DATE(Stammdaten!$D$9,COLUMN()-COLUMN($E13)+1,1),"MMM")&"!$F$9:$F$999"),$B13),IF($B13="",SUMIFS(INDIRECT(TEXT(DATE(Stammdaten!$D$9,COLUMN()-COLUMN($E13)+1,1),"MMM")&"!$L$9:$L$999"),INDIRECT(TEXT(DATE(Stammdaten!$D$9,COLUMN()-COLUMN($E13)+1,1),"MMM")&"!$G$9:$G$999"),$C13),SUMIFS(INDIRECT(TEXT(DATE(Stammdaten!$D$9,COLUMN()-COLUMN($E13)+1,1),"MMM")&"!$L$9:$L$999"),INDIRECT(TEXT(DATE(Stammdaten!$D$9,COLUMN()-COLUMN($E13)+1,1),"MMM")&"!$F$9:$F$999"),IF($B13="","*",$B13),INDIRECT(TEXT(DATE(Stammdaten!$D$9,COLUMN()-COLUMN($E13)+1,1),"MMM")&"!$G$9:$G$999"),IF($C13="","*",$C13)))))*24 -> 0 | K13: =IF(AND($B13="",$C13=""),0,IF($C13="",SUMIFS(INDIRECT(TEXT(DATE(Stammdaten!$D$9,COLUMN()-COLUMN($E13)+1,1),"MMM")&"!$L$9:$L$999"),INDIRECT(TEXT(DATE(Stammdaten!$D$9,COLUMN()-COLUMN($E13)+1,1),"MMM")&"!$F$9:$F$999"),$B13),IF($B13="",SUMIFS(INDIRECT(TEXT(DATE(Stammdaten!$D$9,COLUMN()-COLUMN($E13)+1,1),"MMM")&"!$L$9:$L$999"),INDIRECT(TEXT(DATE(Stammdaten!$D$9,COLUMN()-COLUMN($E13)+1,1),"MMM")&"!$G$9:$G$999"),$C13),SUMIFS(INDIRECT(TEXT(DATE(Stammdaten!$D$9,COLUMN()-COLUMN($E13)+1,1),"MMM")&"!$L$9:$L$999"),INDIRECT(TEXT(DATE(Stammdaten!$D$9,COLUMN()-COLUMN($E13)+1,1),"MMM")&"!$F$9:$F$999"),IF($B13="","*",$B13),INDIRECT(TEXT(DATE(Stammdaten!$D$9,COLUMN()-COLUMN($E13)+1,1),"MMM")&"!$G$9:$G$999"),IF($C13="","*",$C13)))))*24 -> 0 | L13: =IF(AND($B13="",$C13=""),0,IF($C13="",SUMIFS(INDIRECT(TEXT(DATE(Stammdaten!$D$9,COLUMN()-COLUMN($E13)+1,1),"MMM")&"!$L$9:$L$999"),INDIRECT(TEXT(DATE(Stammdaten!$D$9,COLUMN()-COLUMN($E13)+1,1),"MMM")&"!$F$9:$F$999"),$B13),IF($B13="",SUMIFS(INDIRECT(TEXT(DATE(Stammdaten!$D$9,COLUMN()-COLUMN($E13)+1,1),"MMM")&"!$L$9:$L$999"),INDIRECT(TEXT(DATE(Stammdaten!$D$9,COLUMN()-COLUMN($E13)+1,1),"MMM")&"!$G$9:$G$999"),$C13),SUMIFS(INDIRECT(TEXT(DATE(Stammdaten!$D$9,COLUMN()-COLUMN($E13)+1,1),"MMM")&"!$L$9:$L$999"),INDIRECT(TEXT(DATE(Stammdaten!$D$9,COLUMN()-COLUMN($E13)+1,1),"MMM")&"!$F$9:$F$999"),IF($B13="","*",$B13),INDIRECT(TEXT(DATE(Stammdaten!$D$9,COLUMN()-COLUMN($E13)+1,1),"MMM")&"!$G$9:$G$999"),IF($C13="","*",$C13)))))*24 -> 0 | ... P13: =IF(AND($B13="",$C13=""),0,IF($C13="",SUMIFS(INDIRECT(TEXT(DATE(Stammdaten!$D$9,COLUMN()-COLUMN($E13)+1,1),"MMM")&"!$L$9:$L$999"),INDIRECT(TEXT(DATE(Stammdaten!$D$9,COLUMN()-COLUMN($E13)+1,1),"MMM")&"!$F$9:$F$999"),$B13),IF($B13="",SUMIFS(INDIRECT(TEXT(DATE(Stammdaten!$D$9,COLUMN()-COLUMN($E13)+1,1),"MMM")&"!$L$9:$L$999"),INDIRECT(TEXT(DATE(Stammdaten!$D$9,COLUMN()-COLUMN($E13)+1,1),"MMM")&"!$G$9:$G$999"),$C13),SUMIFS(INDIRECT(TEXT(DATE(Stammdaten!$D$9,COLUMN()-COLUMN($E13)+1,1),"MMM")&"!$L$9:$L$999"),INDIRECT(TEXT(DATE(Stammdaten!$D$9,COLUMN()-COLUMN($E13)+1,1),"MMM")&"!$F$9:$F$999"),IF($B13="","*",$B13),INDIRECT(TEXT(DATE(Stammdaten!$D$9,COLUMN()-COLUMN($E13)+1,1),"MMM")&"!$G$9:$G$999"),IF($C13="","*",$C13)))))*24 -> 0 | Q13: =SUM(E13:P13) -> 0 | R13: =IF(D13="",Q13,D13-Q13) -> 0
E14: =IF(AND($B14="",$C14=""),0,IF($C14="",SUMIFS(INDIRECT(TEXT(DATE(Stammdaten!$D$9,COLUMN()-COLUMN($E14)+1,1),"MMM")&"!$L$9:$L$999"),INDIRECT(TEXT(DATE(Stammdaten!$D$9,COLUMN()-COLUMN($E14)+1,1),"MMM")&"!$F$9:$F$999"),$B14),IF($B14="",SUMIFS(INDIRECT(TEXT(DATE(Stammdaten!$D$9,COLUMN()-COLUMN($E14)+1,1),"MMM")&"!$L$9:$L$999"),INDIRECT(TEXT(DATE(Stammdaten!$D$9,COLUMN()-COLUMN($E14)+1,1),"MMM")&"!$G$9:$G$999"),$C14),SUMIFS(INDIRECT(TEXT(DATE(Stammdaten!$D$9,COLUMN()-COLUMN($E14)+1,1),"MMM")&"!$L$9:$L$999"),INDIRECT(TEXT(DATE(Stammdaten!$D$9,COLUMN()-COLUMN($E14)+1,1),"MMM")&"!$F$9:$F$999"),IF($B14="","*",$B14),INDIRECT(TEXT(DATE(Stammdaten!$D$9,COLUMN()-COLUMN($E14)+1,1),"MMM")&"!$G$9:$G$999"),IF($C14="","*",$C14)))))*24 -> 0 | F14: =IF(AND($B14="",$C14=""),0,IF($C14="",SUMIFS(INDIRECT(TEXT(DATE(Stammdaten!$D$9,COLUMN()-COLUMN($E14)+1,1),"MMM")&"!$L$9:$L$999"),INDIRECT(TEXT(DATE(Stammdaten!$D$9,COLUMN()-COLUMN($E14)+1,1),"MMM")&"!$F$9:$F$999"),$B14),IF($B14="",SUMIFS(INDIRECT(TEXT(DATE(Stammdaten!$D$9,COLUMN()-COLUMN($E14)+1,1),"MMM")&"!$L$9:$L$999"),INDIRECT(TEXT(DATE(Stammdaten!$D$9,COLUMN()-COLUMN($E14)+1,1),"MMM")&"!$G$9:$G$999"),$C14),SUMIFS(INDIRECT(TEXT(DATE(Stammdaten!$D$9,COLUMN()-COLUMN($E14)+1,1),"MMM")&"!$L$9:$L$999"),INDIRECT(TEXT(DATE(Stammdaten!$D$9,COLUMN()-COLUMN($E14)+1,1),"MMM")&"!$F$9:$F$999"),IF($B14="","*",$B14),INDIRECT(TEXT(DATE(Stammdaten!$D$9,COLUMN()-COLUMN($E14)+1,1),"MMM")&"!$G$9:$G$999"),IF($C14="","*",$C14)))))*24 -> 0 | G14: =IF(AND($B14="",$C14=""),0,IF($C14="",SUMIFS(INDIRECT(TEXT(DATE(Stammdaten!$D$9,COLUMN()-COLUMN($E14)+1,1),"MMM")&"!$L$9:$L$999"),INDIRECT(TEXT(DATE(Stammdaten!$D$9,COLUMN()-COLUMN($E14)+1,1),"MMM")&"!$F$9:$F$999"),$B14),IF($B14="",SUMIFS(INDIRECT(TEXT(DATE(Stammdaten!$D$9,COLUMN()-COLUMN($E14)+1,1),"MMM")&"!$L$9:$L$999"),INDIRECT(TEXT(DATE(Stammdaten!$D$9,COLUMN()-COLUMN($E14)+1,1),"MMM")&"!$G$9:$G$999"),$C14),SUMIFS(INDIRECT(TEXT(DATE(Stammdaten!$D$9,COLUMN()-COLUMN($E14)+1,1),"MMM")&"!$L$9:$L$999"),INDIRECT(TEXT(DATE(Stammdaten!$D$9,COLUMN()-COLUMN($E14)+1,1),"MMM")&"!$F$9:$F$999"),IF($B14="","*",$B14),INDIRECT(TEXT(DATE(Stammdaten!$D$9,COLUMN()-COLUMN($E14)+1,1),"MMM")&"!$G$9:$G$999"),IF($C14="","*",$C14)))))*24 -> 0 | H14: =IF(AND($B14="",$C14=""),0,IF($C14="",SUMIFS(INDIRECT(TEXT(DATE(Stammdaten!$D$9,COLUMN()-COLUMN($E14)+1,1),"MMM")&"!$L$9:$L$999"),INDIRECT(TEXT(DATE(Stammdaten!$D$9,COLUMN()-COLUMN($E14)+1,1),"MMM")&"!$F$9:$F$999"),$B14),IF($B14="",SUMIFS(INDIRECT(TEXT(DATE(Stammdaten!$D$9,COLUMN()-COLUMN($E14)+1,1),"MMM")&"!$L$9:$L$999"),INDIRECT(TEXT(DATE(Stammdaten!$D$9,COLUMN()-COLUMN($E14)+1,1),"MMM")&"!$G$9:$G$999"),$C14),SUMIFS(INDIRECT(TEXT(DATE(Stammdaten!$D$9,COLUMN()-COLUMN($E14)+1,1),"MMM")&"!$L$9:$L$999"),INDIRECT(TEXT(DATE(Stammdaten!$D$9,COLUMN()-COLUMN($E14)+1,1),"MMM")&"!$F$9:$F$999"),IF($B14="","*",$B14),INDIRECT(TEXT(DATE(Stammdaten!$D$9,COLUMN()-COLUMN($E14)+1,1),"MMM")&"!$G$9:$G$999"),IF($C14="","*",$C14)))))*24 -> 0 | I14: =IF(AND($B14="",$C14=""),0,IF($C14="",SUMIFS(INDIRECT(TEXT(DATE(Stammdaten!$D$9,COLUMN()-COLUMN($E14)+1,1),"MMM")&"!$L$9:$L$999"),INDIRECT(TEXT(DATE(Stammdaten!$D$9,COLUMN()-COLUMN($E14)+1,1),"MMM")&"!$F$9:$F$999"),$B14),IF($B14="",SUMIFS(INDIRECT(TEXT(DATE(Stammdaten!$D$9,COLUMN()-COLUMN($E14)+1,1),"MMM")&"!$L$9:$L$999"),INDIRECT(TEXT(DATE(Stammdaten!$D$9,COLUMN()-COLUMN($E14)+1,1),"MMM")&"!$G$9:$G$999"),$C14),SUMIFS(INDIRECT(TEXT(DATE(Stammdaten!$D$9,COLUMN()-COLUMN($E14)+1,1),"MMM")&"!$L$9:$L$999"),INDIRECT(TEXT(DATE(Stammdaten!$D$9,COLUMN()-COLUMN($E14)+1,1),"MMM")&"!$F$9:$F$999"),IF($B14="","*",$B14),INDIRECT(TEXT(DATE(Stammdaten!$D$9,COLUMN()-COLUMN($E14)+1,1),"MMM")&"!$G$9:$G$999"),IF($C14="","*",$C14)))))*24 -> 0 | J14: =IF(AND($B14="",$C14=""),0,IF($C14="",SUMIFS(INDIRECT(TEXT(DATE(Stammdaten!$D$9,COLUMN()-COLUMN($E14)+1,1),"MMM")&"!$L$9:$L$999"),INDIRECT(TEXT(DATE(Stammdaten!$D$9,COLUMN()-COLUMN($E14)+1,1),"MMM")&"!$F$9:$F$999"),$B14),IF($B14="",SUMIFS(INDIRECT(TEXT(DATE(Stammdaten!$D$9,COLUMN()-COLUMN($E14)+1,1),"MMM")&"!$L$9:$L$999"),INDIRECT(TEXT(DATE(Stammdaten!$D$9,COLUMN()-COLUMN($E14)+1,1),"MMM")&"!$G$9:$G$999"),$C14),SUMIFS(INDIRECT(TEXT(DATE(Stammdaten!$D$9,COLUMN()-COLUMN($E14)+1,1),"MMM")&"!$L$9:$L$999"),INDIRECT(TEXT(DATE(Stammdaten!$D$9,COLUMN()-COLUMN($E14)+1,1),"MMM")&"!$F$9:$F$999"),IF($B14="","*",$B14),INDIRECT(TEXT(DATE(Stammdaten!$D$9,COLUMN()-COLUMN($E14)+1,1),"MMM")&"!$G$9:$G$999"),IF($C14="","*",$C14)))))*24 -> 0 | K14: =IF(AND($B14="",$C14=""),0,IF($C14="",SUMIFS(INDIRECT(TEXT(DATE(Stammdaten!$D$9,COLUMN()-COLUMN($E14)+1,1),"MMM")&"!$L$9:$L$999"),INDIRECT(TEXT(DATE(Stammdaten!$D$9,COLUMN()-COLUMN($E14)+1,1),"MMM")&"!$F$9:$F$999"),$B14),IF($B14="",SUMIFS(INDIRECT(TEXT(DATE(Stammdaten!$D$9,COLUMN()-COLUMN($E14)+1,1),"MMM")&"!$L$9:$L$999"),INDIRECT(TEXT(DATE(Stammdaten!$D$9,COLUMN()-COLUMN($E14)+1,1),"MMM")&"!$G$9:$G$999"),$C14),SUMIFS(INDIRECT(TEXT(DATE(Stammdaten!$D$9,COLUMN()-COLUMN($E14)+1,1),"MMM")&"!$L$9:$L$999"),INDIRECT(TEXT(DATE(Stammdaten!$D$9,COLUMN()-COLUMN($E14)+1,1),"MMM")&"!$F$9:$F$999"),IF($B14="","*",$B14),INDIRECT(TEXT(DATE(Stammdaten!$D$9,COLUMN()-COLUMN($E14)+1,1),"MMM")&"!$G$9:$G$999"),IF($C14="","*",$C14)))))*24 -> 0 | L14: =IF(AND($B14="",$C14=""),0,IF($C14="",SUMIFS(INDIRECT(TEXT(DATE(Stammdaten!$D$9,COLUMN()-COLUMN($E14)+1,1),"MMM")&"!$L$9:$L$999"),INDIRECT(TEXT(DATE(Stammdaten!$D$9,COLUMN()-COLUMN($E14)+1,1),"MMM")&"!$F$9:$F$999"),$B14),IF($B14="",SUMIFS(INDIRECT(TEXT(DATE(Stammdaten!$D$9,COLUMN()-COLUMN($E14)+1,1),"MMM")&"!$L$9:$L$999"),INDIRECT(TEXT(DATE(Stammdaten!$D$9,COLUMN()-COLUMN($E14)+1,1),"MMM")&"!$G$9:$G$999"),$C14),SUMIFS(INDIRECT(TEXT(DATE(Stammdaten!$D$9,COLUMN()-COLUMN($E14)+1,1),"MMM")&"!$L$9:$L$999"),INDIRECT(TEXT(DATE(Stammdaten!$D$9,COLUMN()-COLUMN($E14)+1,1),"MMM")&"!$F$9:$F$999"),IF($B14="","*",$B14),INDIRECT(TEXT(DATE(Stammdaten!$D$9,COLUMN()-COLUMN($E14)+1,1),"MMM")&"!$G$9:$G$999"),IF($C14="","*",$C14)))))*24 -> 0 | ... P14: =IF(AND($B14="",$C14=""),0,IF($C14="",SUMIFS(INDIRECT(TEXT(DATE(Stammdaten!$D$9,COLUMN()-COLUMN($E14)+1,1),"MMM")&"!$L$9:$L$999"),INDIRECT(TEXT(DATE(Stammdaten!$D$9,COLUMN()-COLUMN($E14)+1,1),"MMM")&"!$F$9:$F$999"),$B14),IF($B14="",SUMIFS(INDIRECT(TEXT(DATE(Stammdaten!$D$9,COLUMN()-COLUMN($E14)+1,1),"MMM")&"!$L$9:$L$999"),INDIRECT(TEXT(DATE(Stammdaten!$D$9,COLUMN()-COLUMN($E14)+1,1),"MMM")&"!$G$9:$G$999"),$C14),SUMIFS(INDIRECT(TEXT(DATE(Stammdaten!$D$9,COLUMN()-COLUMN($E14)+1,1),"MMM")&"!$L$9:$L$999"),INDIRECT(TEXT(DATE(Stammdaten!$D$9,COLUMN()-COLUMN($E14)+1,1),"MMM")&"!$F$9:$F$999"),IF($B14="","*",$B14),INDIRECT(TEXT(DATE(Stammdaten!$D$9,COLUMN()-COLUMN($E14)+1,1),"MMM")&"!$G$9:$G$999"),IF($C14="","*",$C14)))))*24 -> 0 | Q14: =SUM(E14:P14) -> 0 | R14: =IF(D14="",Q14,D14-Q14) -> 0
